ProductSKU,RecordUID,DeptName,ItemName,ItemDetailedSpecs,SellingPrice,CostPrice,CurrentStock(QTY),CaseQuantity(CTN),UPC(BARCODE),AlternateLookupBarcode(ALPHANUMERIC),ProductVariant,DimensionScale,AltKeyAlpha,AltKeyBeta,AltKeyGamma,AltKeyDelta,AltKeyEpsilon,AltKeyZeta
1001,,PROVISIONS,KELLOGG'S MOONS & STARS CHOCO CEREALS 900G,KELLOGG'S MOONS & STARS CHOCO CEREALS 900G,0,0,18,1,6.154E+12,6.154E+12,,,,,,,,
1002,,PROVISIONS,KELLOG'S COCO POPS REFILL 900G,KELLOG'S COCO POPS REFILL 900G,0,0,10,1,6.154E+12,6.154E+12,,,,,,,,
1003,,PROVISIONS,KELLOG'S CORNFLAKES POUNCH 400G,KELLOG'S CORNFLAKES POUNCH 400G,0,0,24,1,6.154E+12,6.154E+12,,,,,,,,
1004,,PROVISIONS,KELLOGGS MOONS & STARS POUCH 400G,KELLOGGS MOONS & STARS POUCH 400G,0,0,4,1,6.154E+12,6.154E+12,,,,,,,,
1005,,PROVISIONS,KELLOG'S GO GRAIN 3NUTRITIOUS SOYA PROTEIN 900G,KELLOG'S GO GRAIN 3NUTRITIOUS SOYA PROTEIN 900G,0,0,6,1,6.154E+12,6.154E+12,,,,,,,,
1009,,PROVISIONS,PURE BLISS MILKRICH COOKIES 65G,PURE BLISS MILKRICH COOKIES 65G,0,0,21,1,6.154E+12,6.154E+12,,,,,,,,
101,,VILLAGE MARKET,CARROT,CARROT,0,0,15,1,215879,215879,,,,,,,,
1013,,PROVISIONS,KELLOGG'S COCO POPS 45G,KELLOGG'S COCO POPS 45G,0,0,96,1,6.154E+12,6.154E+12,,,,,,,,
1014,,PROVISIONS,KELLOGGS COCO POPS SATCHET 25G,KELLOGGS COCO POPS SATCHET 25G,0,0,1234,1,6.154E+12,6.154E+12,,,,,,,,
1015,,PROVISIONS,KELLOGGS FROSTIES SACHET 25G,KELLOGGS FROSTIES SACHET 25G,0,0,1177,1,6.154E+12,6.154E+12,,,,,,,,
102,,VILLAGE MARKET,CAP RICE 50KG (SHORT GRAIN),CAP RICE 50KG (SHORT GRAIN),0,0,15,1,2225896,2225896,,,,,,,,
1021,,PROVISIONS,HONEYWELL SEMOLINA 5KG,HONEYWELL SEMOLINA 5KG,0,0,2,1,6.156E+12,6.156E+12,,,,,,,,
1022,,PROVISIONS,INFINITY COCO CRUNCHIES 350G,INFINITY COCO CRUNCHIES 350G,0,0,8,1,6.156E+12,6.156E+12,,,,,,,,
1023,,PROVISIONS,INFINITY COCO BALLS 350G,INFINITY COCO BALLS 350G,0,0,19,1,6.156E+12,6.156E+12,,,,,,,,
1024,,PROVISIONS,GOLDEN PENNY WHITE CUBE SUGAR 500G,GOLDEN PENNY WHITE CUBE SUGAR 500G,0,0,60,1,6.156E+12,6.156E+12,,,,,,,,
1025,,PROVISIONS,GOLDEN PENNY SUGAR 1KG,GOLDEN PENNY SUGAR 1KG,0,0,31,1,6.156E+12,6.156E+12,,,,,,,,
1026,,PROVISIONS,GOLDEN PENNY SUGAR 500G,GOLDEN PENNY SUGAR 500G,0,0,56,1,6.156E+12,6.156E+12,,,,,,,,
1027,,PROVISIONS,INFINITY CORN FLAKES 350G,INFINITY CORN FLAKES 350G,0,0,25,1,6.156E+12,6.156E+12,,,,,,,,
1032,,PROVISIONS,INFINITY CORN FLAKES 500G,INFINITY CORN FLAKES 500G,0,0,8,1,6.156E+12,6.156E+12,,,,,,,,
1033,,PROVISIONS,INFINITY CORNFLAKES 1KG,INFINITY CORNFLAKES 1KG,0,0,3,1,6.156E+12,6.156E+12,,,,,,,,
1034,,PROVISIONS,DANGOTE GRANULATED SUGAR 250G,DANGOTE GRANULATED SUGAR 250G,0,0,190,1,6.156E+12,6.156E+12,,,,,,,,
1035,,PROVISIONS,DANGOTE GRANULATED SUGAR 500G,DANGOTE GRANULATED SUGAR 500G,0,0,105,1,6.156E+12,6.156E+12,,,,,,,,
1036,,PROVISIONS,DANGOTE GRANULATED SUGAR 1KG,DANGOTE GRANULATED SUGAR 1KG,0,0,84,1,6.156E+12,6.156E+12,,,,,,,,
1040,,PROVISIONS,PEAK CREAMER POWDER SATCHET 12G,PEAK CREAMER POWDER SATCHET 12G,0,0,1844,1,6.156E+12,6.156E+12,,,,,,,,
1041,,PROVISIONS,THREE CROWNS INSTANT FILLED MILK POWDER POUNCH 320,THREE CROWNS INSTANT FILLED MILK POWDER POUNCH 320,0,0,75,1,6.156E+12,6.156E+12,,,,,,,,
1045,,PROVISIONS,THREE CROWN SACHET MILK 12G,THREE CROWN SACHET MILK 12G,0,0,1468,1,6.156E+12,6.156E+12,,,,,,,,
1046,,PROVISIONS,GOLDEN PENNY SUGAR 250G,GOLDEN PENNY SUGAR 250G,0,0,28,1,6.156E+12,6.156E+12,,,,,,,,
1050,,PROVISIONS,DOGAN'S SUGAR CUBES 500G,DOGAN'S SUGAR CUBES 500G,0,0,32,1,6.156E+12,6.156E+12,,,,,,,,
1052,,PROVISIONS,PEAK REFILL FULL CREAM MILK 800G,PEAK REFILL FULL CREAM MILK 800G,0,0,42,1,6.156E+12,6.156E+12,,,,,,,,
1054,,PROVISIONS,PEAK MILK 4.5.6 REFILL 400G,PEAK MILK 4.5.6 REFILL 400G,0,0,34,1,6.156E+12,6.156E+12,,,,,,,,
1055,,PROVISIONS,PEAK FILLED EVAPORATED MILK LITE & CREAMY 59G,PEAK FILLED EVAPORATED MILK LITE & CREAMY 59G,0,0,18,1,6.156E+12,6.156E+12,,,,,,,,
1056,,PROVISIONS,NUTZY OSE OJI GROUNDNUT DIP 227G,NUTZY OSE OJI GROUNDNUT DIP 227G,0,0,6,1,6.156E+12,6.156E+12,,,,,,,,
1065,,PROVISIONS,MINIMIE CHIN CHIN 40GM,MINIMIE CHIN CHIN 40GM,0,0,532,1,6.156E+12,6.156E+12,,,,,,,,
1066,,PROVISIONS,DANO CHOCOLATE MILK DRINK POWDER SACHET 22G,DANO CHOCOLATE MILK DRINK POWDER SACHET 22G,0,0,91,1,6.156E+12,6.156E+12,,,,,,,,
1067,,PROVISIONS,DANO FULL CREAM MILK SACHET 14G,DANO FULL CREAM MILK SACHET 14G,0,0,2012,1,6.156E+12,6.156E+12,,,,,,,,
1069,,PROVISIONS,DANO COOL COW 12G,DANO COOL COW 12G,0,0,576,1,6.156E+12,6.156E+12,,,,,,,,
107,,VILLAGE MARKET,TURNING STICK SMALL (LOCAL),TURNING STICK SMALL (LOCAL),0,0,6,1,3014,3014,,,,,,,,
1073,,PROVISIONS,NUTZY PEANUT BUTTER CREAM SMOOTH 510G,NUTZY PEANUT BUTTER CREAM SMOOTH 510G,0,0,10,1,6.156E+12,6.156E+12,,,,,,,,
1075,,PROVISIONS,NUTZY PEANUT BUTTER EXTRA CRUNCHY 510G,NUTZY PEANUT BUTTER EXTRA CRUNCHY 510G,0,0,1,1,6.156E+12,6.156E+12,,,,,,,,
1076,,PROVISIONS,DIVA PREMIUM COCOA POWDER JAR 250G,DIVA PREMIUM COCOA POWDER JAR 250G,0,0,2,1,6.156E+12,6.156E+12,,,,,,,,
1079,,PROVISIONS,SUNWARD DATE POWDER 320G,SUNWARD DATE POWDER 320G,0,0,3,1,6.156E+12,6.156E+12,,,,,,,,
1080,,PROVISIONS,SUNWARD GLOBAL ZOBO POWDER POUNCH 300G,SUNWARD GLOBAL ZOBO POWDER POUNCH 300G,0,0,9,1,6.156E+12,6.156E+12,,,,,,,,
1081,,PROVISIONS,CHECKERS MILK CUSTARD 700GMS,CHECKERS MILK CUSTARD 700GMS,0,0,11,1,6.156E+12,6.156E+12,,,,,,,,
1082,,PROVISIONS,DIOS DLITE TOASTED & CRUNCHY FRUIT MIX 400G,DIOS DLITE TOASTED & CRUNCHY FRUIT MIX 400G,0,0,1,1,6.156E+12,6.156E+12,,,,,,,,
1093,,PROVISIONS,DAMBOLS FOODS ELUBO YAM FLOUR 1KG,DAMBOLS FOODS ELUBO YAM FLOUR 1KG,0,0,8,1,6.156E+12,6.156E+12,,,,,,,,
1094,,PROVISIONS,JOES FOODS HONEY 500G,JOES FOODS HONEY 500G,0,0,11,1,6.156E+12,6.156E+12,,,,,,,,
1097,,PROVISIONS,ABAJ GARRI 3KG,ABAJ GARRI 3KG,0,0,2,1,6.1564E+12,6.1564E+12,,,,,,,,
1098,,PROVISIONS,MEC-WENDY'S OAT FLAKES WHOLE GRAIN 500G,MEC-WENDY'S OAT FLAKES WHOLE GRAIN 500G,0,0,15,1,6.157E+12,6.157E+12,,,,,,,,
1102,,PROVISIONS,NESCAFE CLASSIC SACHET 1.5G,NESCAFE CLASSIC SACHET 1.5G,0,0,152,1,6.181E+12,6.181E+12,,,,,,,,
1103,,PROVISIONS,FINCAP EGG & BANANA CUSTARD POWDER 2KG,FINCAP EGG & BANANA CUSTARD POWDER 2KG,0,0,2,1,6.19659E+12,6.19659E+12,,,,,,,,
1109,,PROVISIONS,TIFFANY CREAMS ORANGE 80G,TIFFANY CREAMS ORANGE 80G,0,0,5,1,6.291E+12,6.291E+12,,,,,,,,
1110,,PROVISIONS,TIFFANY CREAMS MANGO 80G,TIFFANY CREAMS MANGO 80G,0,0,12,1,6.291E+12,6.291E+12,,,,,,,,
1121,,PROVISIONS,BLUE PEARL CHOCOLATE POWDER INSTANT DRINKING 200G,BLUE PEARL CHOCOLATE POWDER INSTANT DRINKING 200G,0,0,1,1,6.297E+12,6.297E+12,,,,,,,,
1123,,PROVISIONS,NASCO CORNFLAKES ORIGINAL 350G,NASCO CORNFLAKES ORIGINAL 350G,0,0,11,1,6.3011E+12,6.3011E+12,,,,,,,,
1124,,PROVISIONS,NASCO CORN FLAKES 500G,NASCO CORN FLAKES 500G,0,0,11,1,6.3011E+12,6.3011E+12,,,,,,,,
1125,,PROVISIONS,NASCO CORNFLAKES STRAWBERRY 350G,NASCO CORNFLAKES STRAWBERRY 350G,0,0,14,1,6.3011E+12,6.3011E+12,,,,,,,,
1129,,PROVISIONS,NASCO CORNFLAKES ORIGINAL 35G,NASCO CORNFLAKES ORIGINAL 35G,0,0,73,1,6.3011E+12,6.3011E+12,,,,,,,,
1131,,PROVISIONS,NASCO CONFLAKES SARCHET ORIGINAL 170G,NASCO CONFLAKES SARCHET ORIGINAL 170G,0,0,8,1,6.3011E+12,6.3011E+12,,,,,,,,
1132,,PROVISIONS,NASCO CORNFLAKES BANANA WHOLE FLAKES CEREALS SACHE,NASCO CORNFLAKES BANANA WHOLE FLAKES CEREALS SACHE,0,0,91,1,6.3011E+12,6.3011E+12,,,,,,,,
1133,,PROVISIONS,NASCO CORNFLAKES STRAWBERRY WHOLE FLAKES CEREALS S,NASCO CORNFLAKES STRAWBERRY WHOLE FLAKES CEREALS S,0,0,76,1,6.3011E+12,6.3011E+12,,,,,,,,
114,,VILLAGE MARKET,GREEN LEAF (EFOR),GREEN LEAF (EFOR),0,0,2,1,3265,3265,,,,,,,,
115,,VILLAGE MARKET,STOCK FISH SLICED MEDIUM,STOCK FISH SLICED MEDIUM,0,0,13,1,3.2852E+12,3.2852E+12,,,,,,,,
1150,,PROVISIONS,MUNRO GLUCOSE D 50G,MUNRO GLUCOSE D 50G,0,0,70,1,6.89076E+12,6.89076E+12,,,,,,,,
1152,,PROVISIONS,NIGHT ROCKET IN POCKET MEN'S COFFEE 40G,NIGHT ROCKET IN POCKET MEN'S COFFEE 40G,0,0,26,1,6.89521E+12,6.89521E+12,,,,,,,,
1154,,PROVISIONS,ANTIHYPERTENSIVE TEA EGRET RIVER BRAND 40G,ANTIHYPERTENSIVE TEA EGRET RIVER BRAND 40G,0,0,5,1,6.90141E+12,6.90141E+12,,,,,,,,
1158,,PROVISIONS,BLOOD SUGAR REDUCING TEA 20 TEA BAGS BY 2G,BLOOD SUGAR REDUCING TEA 20 TEA BAGS BY 2G,0,0,2,1,6.90141E+12,6.90141E+12,,,,,,,,
1161,,PROVISIONS,GOLD SCOTTISH SIMPLY CLASSIC CHOCO 250G,GOLD SCOTTISH SIMPLY CLASSIC CHOCO 250G,0,0,7,1,6.91917E+12,6.91917E+12,,,,,,,,
1162,,PROVISIONS,GOLD SCOTTISH SIMPLY CLASSIC CRUNCHY 250G,GOLD SCOTTISH SIMPLY CLASSIC CRUNCHY 250G,0,0,20,1,6.91917E+12,6.91917E+12,,,,,,,,
1163,,PROVISIONS,WIN TOWN COFFEE KING XPOWER COFFEE 200G,WIN TOWN COFFEE KING XPOWER COFFEE 200G,0,0,4,1,6.92022E+12,6.92022E+12,,,,,,,,
1166,,PROVISIONS,NATURAL HEART SUPPORTING HERBAL TEA 40G,NATURAL HEART SUPPORTING HERBAL TEA 40G,0,0,1,1,6.92717E+12,6.92717E+12,,,,,,,,
1167,,PROVISIONS,NATURAL BLOOD SUGAR REDUCING TEA 40G,NATURAL BLOOD SUGAR REDUCING TEA 40G,0,0,5,1,6.92717E+12,6.92717E+12,,,,,,,,
1170,,PROVISIONS,HUOTUO AFTER STROKE RECOVERY TEA 40G,HUOTUO AFTER STROKE RECOVERY TEA 40G,0,0,4,1,6.92717E+12,6.92717E+12,,,,,,,,
1171,,PROVISIONS,LEGEND GINGER WITH HONEY LEMON 3IN1 180G,LEGEND GINGER WITH HONEY LEMON 3IN1 180G,0,0,4,1,6.9276E+12,6.9276E+12,,,,,,,,
1181,,PROVISIONS,MAHARANI ORGANIC HONEY 300G,MAHARANI ORGANIC HONEY 300G,0,0,5,1,6.92786E+12,6.92786E+12,,,,,,,,
1187,,PROVISIONS,UPGRADED SMOKERS TEA 3GX30BAG,UPGRADED SMOKERS TEA 3GX30BAG,0,0,2,1,6.93041E+12,6.93041E+12,,,,,,,,
1196,,PROVISIONS,MEJIC PROSTATE CONTROL TEA 40G,MEJIC PROSTATE CONTROL TEA 40G,0,0,2,1,6.94035E+12,6.94035E+12,,,,,,,,
1197,,PROVISIONS,MEJIC DRAGON POWR ENERGY TEA FOR LOVERS 40G,MEJIC DRAGON POWR ENERGY TEA FOR LOVERS 40G,0,0,1,1,6.94035E+12,6.94035E+12,,,,,,,,
1198,,PROVISIONS,TWININGS SYNERGY MENSTRUAL DISORDER CONTROL TEA 40,TWININGS SYNERGY MENSTRUAL DISORDER CONTROL TEA 40,0,0,1,1,6.94035E+12,6.94035E+12,,,,,,,,
1200,,PROVISIONS,DE-KINGS ANTI-DIABETES TEA 40G,DE-KINGS ANTI-DIABETES TEA 40G,0,0,1,1,6.94035E+12,6.94035E+12,,,,,,,,
1201,,PROVISIONS,DE-KINGS FERTILITY BOOSTER TEA 40G,DE-KINGS FERTILITY BOOSTER TEA 40G,0,0,1,1,6.94035E+12,6.94035E+12,,,,,,,,
1207,,PROVISIONS,DE-KINGS STORKE CONTOL TEA 40G,DE-KINGS STORKE CONTOL TEA 40G,0,0,4,1,6.94035E+12,6.94035E+12,,,,,,,,
121,,VILLAGE MARKET,CINNAMON POWDER 120G,CINNAMON POWDER 120G,0,0,13,1,3.69958E+12,3.69958E+12,,,,,,,,
1210,,PROVISIONS,SMILEY TEA HERBS LUNG FLUSH TEA 40G,SMILEY TEA HERBS LUNG FLUSH TEA 40G,0,0,3,1,6.94035E+12,6.94035E+12,,,,,,,,
1212,,PROVISIONS,SMILEY CHOLESTEROL CARE TEA HERB 40G,SMILEY CHOLESTEROL CARE TEA HERB 40G,0,0,5,1,6.94035E+12,6.94035E+12,,,,,,,,
1213,,PROVISIONS,SMILLEY MENSTRUATION DISORDER REGULATING TEA TEABA,SMILLEY MENSTRUATION DISORDER REGULATING TEA TEABA,0,0,1,1,6.94035E+12,6.94035E+12,,,,,,,,
1215,,PROVISIONS,SMILEY FIBROID REMOVAL TEA 20 TEABAGS 40G,SMILEY FIBROID REMOVAL TEA 20 TEABAGS 40G,0,0,6,1,6.94035E+12,6.94035E+12,,,,,,,,
1217,,PROVISIONS,SMILEY BLOOD SUGAR REDUCING TEA 40G,SMILEY BLOOD SUGAR REDUCING TEA 40G,0,0,3,1,6.94035E+12,6.94035E+12,,,,,,,,
123,,VILLAGE MARKET,KOTE FISH 1KG,KOTE FISH 1KG,0,0,5,1,3912,3912,,,,,,,,
1234,,PROVISIONS,PAPAHUT SUPER BIG VEGETABLE BISCUIT 315G,PAPAHUT SUPER BIG VEGETABLE BISCUIT 315G,0,0,59,1,6.9542E+12,6.9542E+12,,,,,,,,
1238,,PROVISIONS,LOOYS INSTAN GINGER WITH HONEY 160G,LOOYS INSTAN GINGER WITH HONEY 160G,0,0,6,1,6.95908E+12,6.95908E+12,,,,,,,,
1239,,PROVISIONS,LOOYS GINGER INSTANT DRINK WITH HONEY & LEMON TEA,LOOYS GINGER INSTANT DRINK WITH HONEY & LEMON TEA,0,0,5,1,6.95908E+12,6.95908E+12,,,,,,,,
124,,VILLAGE MARKET,ALUM,ALUM,0,0,6,1,444783,444783,,,,,,,,
1240,,PROVISIONS,LOOYS INSTAN GINGER WITH GENSENG,LOOYS INSTAN GINGER WITH GENSENG,0,0,5,1,6.95908E+12,6.95908E+12,,,,,,,,
1242,,PROVISIONS,SODA MILK SALT CRACKERS 450G,SODA MILK SALT CRACKERS 450G,0,0,11,1,6.97043E+12,6.97043E+12,,,,,,,,
1246,,PROVISIONS,MOREFUTURE LIGHTNESS SLIMMING TEA 60G,MOREFUTURE LIGHTNESS SLIMMING TEA 60G,0,0,3,1,6.97377E+12,6.97377E+12,,,,,,,,
1247,,PROVISIONS,MOREFUTURE JASMINE GREEN TEA 45G,MOREFUTURE JASMINE GREEN TEA 45G,0,0,1,1,6.97377E+12,6.97377E+12,,,,,,,,
125,,VILLAGE MARKET,OLOYIN BEANS 1KG,OLOYIN BEANS 1KG,0,0,5,1,4587925,4587925,,,,,,,,
1254,,PROVISIONS,LONDON DREAMS CHOCO CREAM WAFER 30G,LONDON DREAMS CHOCO CREAM WAFER 30G,0,0,18,1,7.03365E+11,7.03365E+11,,,,,,,,
1257,,PROVISIONS,LADY B CUSTARD POWDER 500G,LADY B CUSTARD POWDER 500G,0,0,1,1,7.10155E+11,7.10155E+11,,,,,,,,
1258,,PROVISIONS,CHECKERS CUSTARD VANILLA REFILL 1KG,CHECKERS CUSTARD VANILLA REFILL 1KG,0,0,29,1,7.14085E+11,7.14085E+11,,,,,,,,
1259,,PROVISIONS,CHECKERS CUSTARD VANILLA REFILL 400G,CHECKERS CUSTARD VANILLA REFILL 400G,0,0,29,1,7.14085E+11,7.14085E+11,,,,,,,,
1260,,PROVISIONS,CHECKERS BANANA CUSTARD POWDER SACHET 50G,CHECKERS BANANA CUSTARD POWDER SACHET 50G,0,0,85,1,7.14085E+11,7.14085E+11,,,,,,,,
1261,,PROVISIONS,CHECKERS BANANA 2KG,CHECKERS BANANA 2KG,0,0,9,1,7.14085E+11,7.14085E+11,,,,,,,,
1262,,PROVISIONS,CHECKERS MILK CUSTARD POWDER 3IN1 SACHET 45G,CHECKERS MILK CUSTARD POWDER 3IN1 SACHET 45G,0,0,60,1,7.14085E+11,7.14085E+11,,,,,,,,
1263,,PROVISIONS,CHECKERS MILK CUSTARD 3IN1 1.5KG,CHECKERS MILK CUSTARD 3IN1 1.5KG,0,0,2,1,7.14085E+11,7.14085E+11,,,,,,,,
1269,,PROVISIONS,TAE-EXOTICA NATURAL HIBISCUS TEA CLOVE GINGER & MI,TAE-EXOTICA NATURAL HIBISCUS TEA CLOVE GINGER & MI,0,0,11,1,7.31947E+11,7.31947E+11,,,,,,,,
1270,,PROVISIONS,TAE-EXOTICA NATURAL HIBISCUS TEA CINNAMON 212G,TAE-EXOTICA NATURAL HIBISCUS TEA CINNAMON 212G,0,0,11,1,7.31947E+11,7.31947E+11,,,,,,,,
1271,,PROVISIONS,TAE-EXOTICA NATURAL HIBISCUS TEA GLOVE AND GINGER,TAE-EXOTICA NATURAL HIBISCUS TEA GLOVE AND GINGER,0,0,11,1,7.31947E+11,7.31947E+11,,,,,,,,
1281,,PROVISIONS,TROPICANA SLIM ZERO CALORIE SWEETENER DIET 50 STIC,TROPICANA SLIM ZERO CALORIE SWEETENER DIET 50 STIC,0,0,2,1,7.49921E+11,7.49921E+11,,,,,,,,
1285,,PROVISIONS,DIABETAMIL VANILLA CEREAL 187.5G,DIABETAMIL VANILLA CEREAL 187.5G,0,0,2,1,7.49922E+11,7.49922E+11,,,,,,,,
1294,,PROVISIONS,OVALTINE MALTED SACHET DRINK 18G,OVALTINE MALTED SACHET DRINK 18G,0,0,142,1,7.6121E+12,7.6121E+12,,,,,,,,
1296,,PROVISIONS,OVALTINE MALTED FOOD DRINK TIN 800G,OVALTINE MALTED FOOD DRINK TIN 800G,0,0,11,1,7.6121E+12,7.6121E+12,,,,,,,,
1297,,PROVISIONS,OVALTINE CHOCOLATE DRINK TIN 400G,OVALTINE CHOCOLATE DRINK TIN 400G,0,0,11,1,7.6121E+12,7.6121E+12,,,,,,,,
1298,,PROVISIONS,OVALTINE MALTED FOOD DRINK 1200G,OVALTINE MALTED FOOD DRINK 1200G,0,0,4,1,7.6121E+12,7.6121E+12,,,,,,,,
13,,VILLAGE MARKET,OKRO,OKRO,0,0,9,1,5082,5082,,,,,,,,
1301,,PROVISIONS,OVALTINE MALTED FOOD DRINK REFILL 350G,OVALTINE MALTED FOOD DRINK REFILL 350G,0,0,3,1,7.6121E+12,7.6121E+12,,,,,,,,
1302,,PROVISIONS,OVALTINE MALTED FOOD DRINK REFILL 700G,OVALTINE MALTED FOOD DRINK REFILL 700G,0,0,4,1,7.6121E+12,7.6121E+12,,,,,,,,
131,,VILLAGE MARKET,STOCK FISH SLICED BIG,STOCK FISH SLICED BIG,0,0,12,1,5.78965E+12,5.78965E+12,,,,,,,,
132,,VILLAGE MARKET,RAW ZOBO,RAW ZOBO,0,0,3,1,6.00146E+12,6.00146E+12,,,,,,,,
1320,,PROVISIONS,CADBURY BORNVITA REFILL 500G,CADBURY BORNVITA REFILL 500G,0,0,19,1,7.62201E+12,7.62201E+12,,,,,,,,
1321,,PROVISIONS,CADBURY 3IN1 HOT CHOCOLATE DRINK POUNCH 450G,CADBURY 3IN1 HOT CHOCOLATE DRINK POUNCH 450G,0,0,10,1,7.6222E+12,7.6222E+12,,,,,,,,
1325,,PROVISIONS,CADBURY BOURN VITA JAR 450G,CADBURY BOURN VITA JAR 450G,0,0,11,1,7.6222E+12,7.6222E+12,,,,,,,,
1326,,PROVISIONS,CADBURY BOURN VITA POUNCH 380G,CADBURY BOURN VITA POUNCH 380G,0,0,23,1,7.6222E+12,7.6222E+12,,,,,,,,
133,,VILLAGE MARKET,TUMERIC POWDER,TUMERIC POWDER,0,0,18,1,6.00479E+12,6.00479E+12,,,,,,,,
1330,,PROVISIONS,CADBURY BOURNVITA 20G,CADBURY BOURNVITA 20G,0,0,455,1,7.62221E+12,7.62221E+12,,,,,,,,
1332,,PROVISIONS,CADBURY BOURNVITA 900G,CADBURY BOURNVITA 900G,0,0,7,1,7.62221E+12,7.62221E+12,,,,,,,,
1333,,PROVISIONS,BOURNVITA REFILL 450G,BOURNVITA REFILL 450G,0,0,40,1,7.62221E+12,7.62221E+12,,,,,,,,
1337,,PROVISIONS,OREO STRAWBERRY CREME 119.6G,OREO STRAWBERRY CREME 119.6G,0,0,3,1,7.6223E+12,7.6223E+12,,,,,,,,
1338,,PROVISIONS,OREO ICE CREAM 119.6G,OREO ICE CREAM 119.6G,0,0,11,1,7.6223E+12,7.6223E+12,,,,,,,,
1342,,PROVISIONS,CHECKERS 4 IN 1 CHOCOLATE FLAVOUR 1KG,CHECKERS 4 IN 1 CHOCOLATE FLAVOUR 1KG,0,0,11,1,7.82706E+11,7.82706E+11,,,,,,,,
1343,,PROVISIONS,CHECKERS MILK CUSTARD 3IN1 BREAKFAST 1KG,CHECKERS MILK CUSTARD 3IN1 BREAKFAST 1KG,0,0,5,1,7.82706E+11,7.82706E+11,,,,,,,,
1344,,PROVISIONS,CHECKERS CUSTARD POWDER VANILLA FLAVOUR 1KG,CHECKERS CUSTARD POWDER VANILLA FLAVOUR 1KG,0,0,6,1,7.82706E+11,7.82706E+11,,,,,,,,
1345,,PROVISIONS,CHECKERS CUSTARD BANANA POWDER 1KG,CHECKERS CUSTARD BANANA POWDER 1KG,0,0,5,1,7.82706E+11,7.82706E+11,,,,,,,,
1346,,PROVISIONS,KIVO GOOD TIME NON CREAMER MILK POUNCH 320G,KIVO GOOD TIME NON CREAMER MILK POUNCH 320G,0,0,11,1,7.86412E+11,7.86412E+11,,,,,,,,
1347,,PROVISIONS,KIVO GOOD TIME 3IN1 GARRI MIX VANILLA FLAVOUR 100G,KIVO GOOD TIME 3IN1 GARRI MIX VANILLA FLAVOUR 100G,0,0,74,1,7.86412E+11,7.86412E+11,,,,,,,,
135,,VILLAGE MARKET,BITTER LEAF,BITTER LEAF,0,0,120,1,6.01369E+12,6.01369E+12,,,,,,,,
1351,,PROVISIONS,OLUJI PURE COCOA POWDER 250G,OLUJI PURE COCOA POWDER 250G,0,0,8,1,7.98304E+11,7.98304E+11,,,,,,,,
1353,,PROVISIONS,LOACKER CLASSIC VANILLA CRISPY WAFERS BISCUT 175G,LOACKER CLASSIC VANILLA CRISPY WAFERS BISCUT 175G,0,0,35,1,8.00038E+12,8.00038E+12,,,,,,,,
1356,,PROVISIONS,NUTELLA FERRERO 350G,NUTELLA FERRERO 350G,0,0,32,1,80177173,80177173,,,,,,,,
136,,VILLAGE MARKET,CAMEROON PEPPER 100G,CAMEROON PEPPER 100G,0,0,18,1,6.02115E+12,6.02115E+12,,,,,,,,
1360,,PROVISIONS,JAGO MAYONNAISE 887ML,JAGO MAYONNAISE 887ML,0,0,9,1,8.4103E+12,8.4103E+12,,,,,,,,
1361,,PROVISIONS,JAGO MAYONNAISE 443ML,JAGO MAYONNAISE 443ML,0,0,10,1,8.4103E+12,8.4103E+12,,,,,,,,
1368,,PROVISIONS,GULLON SUGAR FREE CHOCOLATE FLAVOUR WAffer 180G,GULLON SUGAR FREE CHOCOLATE FLAVOUR WAffer 180G,0,0,1,1,8.41038E+12,8.41038E+12,,,,,,,,
1376,,PROVISIONS,NESCAFE GOLD BLEND 95G,NESCAFE GOLD BLEND 95G,0,0,4,1,8.44529E+12,8.44529E+12,,,,,,,,
1377,,PROVISIONS,NESCAFE DECAF ORIGINAL 95G,NESCAFE DECAF ORIGINAL 95G,0,0,3,1,8.44529E+12,8.44529E+12,,,,,,,,
1380,,PROVISIONS,NESCAFE GOLD BLEND DECAF 95G,NESCAFE GOLD BLEND DECAF 95G,0,0,9,1,8.44529E+12,8.44529E+12,,,,,,,,
1393,,PROVISIONS,LUSH COCOA CREAM COOKIES ORIGINAL 68G,LUSH COCOA CREAM COOKIES ORIGINAL 68G,0,0,70,1,8.68104E+12,8.68104E+12,,,,,,,,
1395,,PROVISIONS,LUSH COCOA CREAM COOKIES DARK 34G,LUSH COCOA CREAM COOKIES DARK 34G,0,0,3,1,8.68104E+12,8.68104E+12,,,,,,,,
1398,,PROVISIONS,ANKARA NUH' NU SPAGHETTINI 500G,ANKARA NUH' NU SPAGHETTINI 500G,0,0,5,1,8.69058E+12,8.69058E+12,,,,,,,,
1419,,PROVISIONS,GEURTS PINEAPPLE JAM 450G,GEURTS PINEAPPLE JAM 450G,0,0,3,1,8.71081E+12,8.71081E+12,,,,,,,,
1424,,PROVISIONS,GEURTS ORANGE MARMALADE 450G,GEURTS ORANGE MARMALADE 450G,0,0,4,1,8.71081E+12,8.71081E+12,,,,,,,,
1428,,PROVISIONS,KENCO COFFEE SMOOTH 100G,KENCO COFFEE SMOOTH 100G,0,0,5,1,8.711E+12,8.711E+12,,,,,,,,
1429,,PROVISIONS,KENCO THE COFFEE COMPANY RICH INTENSE ROASTED 100G,KENCO THE COFFEE COMPANY RICH INTENSE ROASTED 100G,0,0,4,1,8.711E+12,8.711E+12,,,,,,,,
1430,,PROVISIONS,KENCO DECAFF COFFEE100G,KENCO DECAFF COFFEE100G,0,0,3,1,8.711E+12,8.711E+12,,,,,,,,
144,,VILLAGE MARKET,OGBONO,OGBONO,0,0,19,1,6.1145E+12,6.1145E+12,,,,,,,,
1440,,PROVISIONS,NESTLE NIDO FULL CREAM MILK 400G,NESTLE NIDO FULL CREAM MILK 400G,0,0,2,1,8.715E+12,8.715E+12,,,,,,,,
1442,,PROVISIONS,PEAKFULL CREAM TIN MILK 2500G,PEAKFULL CREAM TIN MILK 2500G,0,0,5,1,8.7162E+12,8.7162E+12,,,,,,,,
1443,,PROVISIONS,PEAK 1-2-3 GROWING UP MILK 360G,PEAK 1-2-3 GROWING UP MILK 360G,0,0,12,1,8.7162E+12,8.7162E+12,,,,,,,,
1444,,PROVISIONS,PEAK FULL CREAM MILK TIN 900G,PEAK FULL CREAM MILK TIN 900G,0,0,12,1,8.7162E+12,8.7162E+12,,,,,,,,
1445,,PROVISIONS,PEAK FULL CREAM TIN 400G,PEAK FULL CREAM TIN 400G,0,0,47,1,8.7162E+12,8.7162E+12,,,,,,,,
1446,,PROVISIONS,PEAK FULL CREAM MILK SACHET 14G,PEAK FULL CREAM MILK SACHET 14G,0,0,1093,1,8.7162E+12,8.7162E+12,,,,,,,,
1448,,PROVISIONS,PEAK CHOCOLATE 3IN1 MILK SACHET MILK 18G,PEAK CHOCOLATE 3IN1 MILK SACHET MILK 18G,0,0,247,1,8.7162E+12,8.7162E+12,,,,,,,,
1449,,PROVISIONS,THREE CROWNS EVAP 150G,THREE CROWNS EVAP 150G,0,0,873,1,8.7162E+12,8.7162E+12,,,,,,,,
1453,,PROVISIONS,PEAK FULL CREAM EVAPORATED TIN MILK 150ML,PEAK FULL CREAM EVAPORATED TIN MILK 150ML,0,0,444,1,87162240,87162240,,,,,,,,
1458,,PROVISIONS,FOLA FOODS BEANS FLOUR 500G,FOLA FOODS BEANS FLOUR 500G,0,0,20,1,8.71842E+12,8.71842E+12,,,,,,,,
146,,VILLAGE MARKET,CRAYFISH BLENDED (SMALL),CRAYFISH BLENDED (SMALL),0,0,7,1,6.13001E+12,6.13001E+12,,,,,,,,
1460,,PROVISIONS,FOLA FOODS PALM OIL 2LTRS,FOLA FOODS PALM OIL 2LTRS,0,0,3,1,8.71842E+12,8.71842E+12,,,,,,,,
1461,,PROVISIONS,FOLA FOODS PALM OIL 1LTR,FOLA FOODS PALM OIL 1LTR,0,0,10,1,8.71842E+12,8.71842E+12,,,,,,,,
1462,,PROVISIONS,FOLA FOODS HONEY BEANS 1KG,FOLA FOODS HONEY BEANS 1KG,0,0,12,1,8.71842E+13,8.71842E+13,,,,,,,,
1464,,PROVISIONS,FOLA FOODS GARI IJEBU 1KG,FOLA FOODS GARI IJEBU 1KG,0,0,30,1,8.71842E+12,8.71842E+12,,,,,,,,
1465,,PROVISIONS,FOLA FOODS COCONUT FLAVOUR GARI IJEBU 1KG,FOLA FOODS COCONUT FLAVOUR GARI IJEBU 1KG,0,0,21,1,8.71842E+12,8.71842E+12,,,,,,,,
1473,,PROVISIONS,NESTLE COFFEE MATE 400G,NESTLE COFFEE MATE 400G,0,0,13,1,8.85012E+12,8.85012E+12,,,,,,,,
148,,VILLAGE MARKET,PEPPER SOUP SPICE,PEPPER SOUP SPICE,0,0,11,1,6.14459E+12,6.14459E+12,,,,,,,,
1482,,PROVISIONS,GOLD KILI GINGER DRINk 360G,GOLD KILI GINGER DRINk 360G,0,0,1,1,8.8883E+12,8.8883E+12,,,,,,,,
149,,VILLAGE MARKET,CRAYFISH (UNBLENDED),CRAYFISH (UNBLENDED),0,0,83,1,6.14557E+12,6.14557E+12,,,,,,,,
1492,,PROVISIONS,PARLE-G ORIGINAL GLUCO BISCUITS 37.5G,PARLE-G ORIGINAL GLUCO BISCUITS 37.5G,0,0,1,1,8.90172E+12,8.90172E+12,,,,,,,,
1497,,PROVISIONS,PARLE TOP BUTTERY CRACKERS 75G,PARLE TOP BUTTERY CRACKERS 75G,0,0,15,1,8.90172E+12,8.90172E+12,,,,,,,,
1502,,PROVISIONS,DUKES MEMO CARDAMOM FLAVOURE 80G,DUKES MEMO CARDAMOM FLAVOURE 80G,0,0,10,1,8.90197E+12,8.90197E+12,,,,,,,,
1503,,PROVISIONS,DUKES MEMO CHOCOLATE FLAVORED 80G,DUKES MEMO CHOCOLATE FLAVORED 80G,0,0,13,1,8.90197E+12,8.90197E+12,,,,,,,,
1504,,PROVISIONS,DUKES MEMO ORANGE PLAVORED 80G,DUKES MEMO ORANGE PLAVORED 80G,0,0,22,1,8.90197E+12,8.90197E+12,,,,,,,,
1506,,PROVISIONS,DUKES MEMO VANILLA FLAVORED 80G,DUKES MEMO VANILLA FLAVORED 80G,0,0,19,1,8.90197E+12,8.90197E+12,,,,,,,,
1507,,PROVISIONS,YEBO CREAMZ MANGO FLAVORED 150G,YEBO CREAMZ MANGO FLAVORED 150G,0,0,8,1,8.90197E+12,8.90197E+12,,,,,,,,
1508,,PROVISIONS,YEBO CREAMZ ORANGE FLAVORED 150G,YEBO CREAMZ ORANGE FLAVORED 150G,0,0,10,1,8.90197E+12,8.90197E+12,,,,,,,,
1509,,PROVISIONS,YEBO CREAMZ STRAWBERRY FLAVORED 150G,YEBO CREAMZ STRAWBERRY FLAVORED 150G,0,0,3,1,8.90197E+12,8.90197E+12,,,,,,,,
1510,,PROVISIONS,YEBO CREAMZ VANILLA FLAVORED 150G,YEBO CREAMZ VANILLA FLAVORED 150G,0,0,3,1,8.90197E+12,8.90197E+12,,,,,,,,
1512,,PROVISIONS,JUST CAFE GOLD TIN 50G,JUST CAFE GOLD TIN 50G,0,0,23,1,8.90422E+12,8.90422E+12,,,,,,,,
1515,,PROVISIONS,BLUE PEARL JAM STRAWBERRY 450G,BLUE PEARL JAM STRAWBERRY 450G,0,0,2,1,8.90602E+12,8.90602E+12,,,,,,,,
1516,,PROVISIONS,BLUE PEAR CHERRY JAM 450G,BLUE PEAR CHERRY JAM 450G,0,0,1,1,8.90602E+12,8.90602E+12,,,,,,,,
1517,,PROVISIONS,BLUE PEAR APRICOT JAM,BLUE PEAR APRICOT JAM,0,0,2,1,8.90602E+12,8.90602E+12,,,,,,,,
1519,,PROVISIONS,AMULYA CHAK-DE VANILL FLAVOUR CREAM WAFER 80G,AMULYA CHAK-DE VANILL FLAVOUR CREAM WAFER 80G,0,0,28,1,8.90602E+12,8.90602E+12,,,,,,,,
1520,,PROVISIONS,CHAK-DE CHOCOLATE FLAVOUR CREME WAFER 80G,CHAK-DE CHOCOLATE FLAVOUR CREME WAFER 80G,0,0,7,1,8.90602E+12,8.90602E+12,,,,,,,,
153,,VILLAGE MARKET,TEMMY'S PAP YELLOW CORN 1KG,TEMMY'S PAP YELLOW CORN 1KG,0,0,4,1,6.15211E+12,6.15211E+12,,,,,,,,
1533,,PROVISIONS,HONEY TREE GINGER HONEY 250G,HONEY TREE GINGER HONEY 250G,0,0,1,1,8.95122E+12,8.95122E+12,,,,,,,,
1535,,PROVISIONS,HONEY TREE GINSENG HONEY 250G,HONEY TREE GINSENG HONEY 250G,0,0,10,1,8.95451E+12,8.95451E+12,,,,,,,,
154,,VILLAGE MARKET,TEMMY'S PAP YELLOW CORN WITH GINGER 1KG,TEMMY'S PAP YELLOW CORN WITH GINGER 1KG,0,0,3,1,6.15211E+12,6.15211E+12,,,,,,,,
1547,,PROVISIONS,TOPCAFE 3IN1 CREAMY WHITE COFFE 30G,TOPCAFE 3IN1 CREAMY WHITE COFFE 30G,0,0,15,1,8.99887E+12,8.99887E+12,,,,,,,,
155,,VILLAGE MARKET,TEMMY'S PAP GUINEA CORN 1KG,TEMMY'S PAP GUINEA CORN 1KG,0,0,2,1,6.15211E+12,6.15211E+12,,,,,,,,
1554,,FOOD & CONDIMENTS:,AMA WONDA JOLLOF RICE SPICE 100G,AMA WONDA JOLLOF RICE SPICE 100G,0,0,30,1,150033,150033,,,,,,,,
1563,,FOOD & CONDIMENTS:,TASTY CHICKEN FLAVOUR SEASONING POWDER 1KG,TASTY CHICKEN FLAVOUR SEASONING POWDER 1KG,0,0,5,1,71100,71100,,,,,,,,
1571,,FOOD & CONDIMENTS:,NAMO FOODS CHIA SEED 104G,NAMO FOODS CHIA SEED 104G,0,0,22,1,10236343840,10236343840,,,,,,,,
1572,,FOOD & CONDIMENTS:,NAMO FOODS FLAX SEED ORGANIC 104G,NAMO FOODS FLAX SEED ORGANIC 104G,0,0,2,1,10236343857,10236343857,,,,,,,,
1574,,FOOD & CONDIMENTS:,NAMO FOODS MUSTARD SEED 104G,NAMO FOODS MUSTARD SEED 104G,0,0,11,1,10236343932,10236343932,,,,,,,,
1579,,FOOD & CONDIMENTS:,FOODTOWN TOMATO KETCHUP 680G,FOODTOWN TOMATO KETCHUP 680G,0,0,5,1,11153048191,11153048191,,,,,,,,
1587,,FOOD & CONDIMENTS:,HEINZ APPLE CIDER VINEGAR 473ML,HEINZ APPLE CIDER VINEGAR 473ML,0,0,2,1,13000008129,13000008129,,,,,,,,
1588,,FOOD & CONDIMENTS:,HEINZ APPLE CIDER VINEGAR 946ML,HEINZ APPLE CIDER VINEGAR 946ML,0,0,6,1,13000008143,13000008143,,,,,,,,
1590,,FOOD & CONDIMENTS:,HUNGRY JACK ORIGINAL PANCAKE & WAFFLE MIX 907G,HUNGRY JACK ORIGINAL PANCAKE & WAFFLE MIX 907G,0,0,4,1,13300280638,13300280638,,,,,,,,
1599,,FOOD & CONDIMENTS:,HEINZ TOMATO KETCHUP 1.25KG,HEINZ TOMATO KETCHUP 1.25KG,0,0,11,1,1373501,1373501,,,,,,,,
1600,,FOOD & CONDIMENTS:,WONDERFUL JALOPENO LIME PISTACHIOS 21G,WONDERFUL JALOPENO LIME PISTACHIOS 21G,0,0,11,1,14113701556,14113701556,,,,,,,,
1601,,FOOD & CONDIMENTS:,WONDERFUL ROASTED & SALTED PISTACHIOS 21G,WONDERFUL ROASTED & SALTED PISTACHIOS 21G,0,0,26,1,14113910712,14113910712,,,,,,,,
1602,,FOOD & CONDIMENTS:,WONDERFUL CHILI ROASTED PISTACHIOS 21G,WONDERFUL CHILI ROASTED PISTACHIOS 21G,0,0,9,1,14113910934,14113910934,,,,,,,,
1619,,FOOD & CONDIMENTS:,MUNRO ICING SUGAR 1KG,MUNRO ICING SUGAR 1KG,0,0,14,1,19962299148,19962299148,,,,,,,,
162,,VILLAGE MARKET,SUNOLA SOYA OIL 1LT,SUNOLA SOYA OIL 1LT,0,0,4,1,6.156E+12,6.156E+12,,,,,,,,
1621,,FOOD & CONDIMENTS:,PSYLLIUM HUSK POWDER 104G,PSYLLIUM HUSK POWDER 104G,0,0,1,1,21429844624,21429844624,,,,,,,,
1622,,FOOD & CONDIMENTS:,NAMO TURMERIC POWDER 100G,NAMO TURMERIC POWDER 100G,0,0,3,1,21429844631,21429844631,,,,,,,,
1629,,FOOD & CONDIMENTS:,PURE WESSON CANOLA OIL 3.79LTR,PURE WESSON CANOLA OIL 3.79LTR,0,0,2,1,27000690611,27000690611,,,,,,,,
163,,VILLAGE MARKET,GOLDEN PENNY SEMOVITA 10KG,GOLDEN PENNY SEMOVITA 10KG,0,0,1,1,6.156E+12,6.156E+12,,,,,,,,
1637,,FOOD & CONDIMENTS:,ARM & HAMMER PURE BAKING SODA 227G,ARM & HAMMER PURE BAKING SODA 227G,0,0,8,1,33200011309,33200011309,,,,,,,,
164,,VILLAGE MARKET,GOLDEN PENNY SEMOVITA 5KG,GOLDEN PENNY SEMOVITA 5KG,0,0,1,1,6.156E+12,6.156E+12,,,,,,,,
1640,,FOOD & CONDIMENTS:,BADIA ADOBO WITH SAZON SEASONING 361.4G,BADIA ADOBO WITH SAZON SEASONING 361.4G,0,0,1,1,33844003791,33844003791,,,,,,,,
1642,,FOOD & CONDIMENTS:,HERSHEY'S SYRUP CHOCOLATE FLAVOR 680G,HERSHEY'S SYRUP CHOCOLATE FLAVOR 680G,0,0,5,1,3431209,3431209,,,,,,,,
1643,,FOOD & CONDIMENTS:,HERSHEY'S SYRUP STRAWBERRY 623G,HERSHEY'S SYRUP STRAWBERRY 623G,0,0,5,1,3431801,3431801,,,,,,,,
1646,,FOOD & CONDIMENTS:,RAGU MARINARA SAUCE 677G,RAGU MARINARA SAUCE 677G,0,0,5,1,36200004005,36200004005,,,,,,,,
1663,,FOOD & CONDIMENTS:,GOYA EXTRA VIRGIN OLIVE OIL 88.7 ML,GOYA EXTRA VIRGIN OLIVE OIL 88.7 ML,0,0,33,1,41331011037,41331011037,,,,,,,,
1664,,FOOD & CONDIMENTS:,GOYA EXTRA VIRGIN OILIVE OIL 250ML,GOYA EXTRA VIRGIN OILIVE OIL 250ML,0,0,5,1,41331011051,41331011051,,,,,,,,
1665,,FOOD & CONDIMENTS:,GOYA EXTRA VIRGIN OLIVE OIL 500ML,GOYA EXTRA VIRGIN OLIVE OIL 500ML,0,0,6,1,41331011075,41331011075,,,,,,,,
167,,VILLAGE MARKET,HONEYWELL SEMOLINA 10KG,HONEYWELL SEMOLINA 10KG,0,0,1,1,6.156E+12,6.156E+12,,,,,,,,
1676,,FOOD & CONDIMENTS:,OLIVARI AVOCADO OIL 1LTR,OLIVARI AVOCADO OIL 1LTR,0,0,5,1,41618502142,41618502142,,,,,,,,
168,,VILLAGE MARKET,RED CRAYFISH,RED CRAYFISH,0,0,38,1,6.16E+12,6.16E+12,,,,,,,,
1680,,FOOD & CONDIMENTS:,ROYAL EXTRA VIRGIN OLIVE OIL BOTTLE 1LTR,ROYAL EXTRA VIRGIN OLIVE OIL BOTTLE 1LTR,0,0,1,1,46708899041,46708899041,,,,,,,,
1681,,FOOD & CONDIMENTS:,CHICKEN OF THE SEA CHUNK LIGHT TUNA IN WATER 198G,CHICKEN OF THE SEA CHUNK LIGHT TUNA IN WATER 198G,0,0,6,1,48000002488,48000002488,,,,,,,,
1686,,FOOD & CONDIMENTS:,RED & WHITE PLAIN BREAD CRUMBS 425G,RED & WHITE PLAIN BREAD CRUMBS 425G,0,0,7,1,50700020006,50700020006,,,,,,,,
169,,VILLAGE MARKET,SUYA SPICE,SUYA SPICE,0,0,10,1,6.18528E+12,6.18528E+12,,,,,,,,
1690,,FOOD & CONDIMENTS:,HAFTENY FOODS SWEET BEANS (EWA OLOYIN) 1KG,HAFTENY FOODS SWEET BEANS (EWA OLOYIN) 1KG,0,0,22,1,50917730705,50917730705,,,,,,,,
1692,,FOOD & CONDIMENTS:,UGWU LEAF (FRESH),UGWU LEAF (FRESH),0,0,3,1,5287,5287,,,,,,,,
1695,,FOOD & CONDIMENTS:,PEARL MILLING COMPANY SYRUP AUNT JEMIMA ORIGINAL 7,PEARL MILLING COMPANY SYRUP AUNT JEMIMA ORIGINAL 7,0,0,7,1,55577166079,55577166079,,,,,,,,
170,,VILLAGE MARKET,CRAYFISH BLENDED (BIG),CRAYFISH BLENDED (BIG),0,0,1,1,6.19668E+12,6.19668E+12,,,,,,,,
1700,,FOOD & CONDIMENTS:,ASABI JOLLOF SPICE MIX 120G,ASABI JOLLOF SPICE MIX 120G,0,0,4,1,6.08871E+11,6.08871E+11,,,,,,,,
1705,,FOOD & CONDIMENTS:,ME CORNFLOUR 350G,ME CORNFLOUR 350G,0,0,5,1,6.16454E+11,6.16454E+11,,,,,,,,
1706,,FOOD & CONDIMENTS:,NINI SPICY EXTRA HOT PEPPER/RED PEPPER 100G,NINI SPICY EXTRA HOT PEPPER/RED PEPPER 100G,0,0,1,1,6.19989E+11,6.19989E+11,,,,,,,,
1707,,FOOD & CONDIMENTS:,GREENSPACE GRADE AAA EGGS BY 6,GREENSPACE GRADE AAA EGGS BY 6,0,0,18,1,621943211,621943211,,,,,,,,
1708,,FOOD & CONDIMENTS:,PAM ORIGINAL COOKING SPRAY 340G,PAM ORIGINAL COOKING SPRAY 340G,0,0,2,1,64144030941,64144030941,,,,,,,,
171,,VILLAGE MARKET,CRAYFISH BLENDED (MEDIUM),CRAYFISH BLENDED (MEDIUM),0,0,6,1,6.19669E+12,6.19669E+12,,,,,,,,
1717,,FOOD & CONDIMENTS:,AYANGBE GARRI 3KG,AYANGBE GARRI 3KG,0,0,2,1,7.05604E+11,7.05604E+11,,,,,,,,
172,,VILLAGE MARKET,EGUSI (MEDIUM),EGUSI (MEDIUM),0,0,8,1,6.197E+12,6.197E+12,,,,,,,,
1726,,FOOD & CONDIMENTS:,EMMA COCONUT CREAM POWDER 50G,EMMA COCONUT CREAM POWDER 50G,0,0,53,1,72683188214,72683188214,,,,,,,,
1727,,FOOD & CONDIMENTS:,VIRGINA VIDALIA ONION VINEGARETTE 887ML,VIRGINA VIDALIA ONION VINEGARETTE 887ML,0,0,2,1,72736014903,72736014903,,,,,,,,
1733,,FOOD & CONDIMENTS:,BRAGG APPLE CIDER VINEGAR 946ML,BRAGG APPLE CIDER VINEGAR 946ML,0,0,13,1,74305001321,74305001321,,,,,,,,
1734,,FOOD & CONDIMENTS:,SPICE SUPREME CURRY POWDER 255G,SPICE SUPREME CURRY POWDER 255G,0,0,3,1,76114007150,76114007150,,,,,,,,
1735,,FOOD & CONDIMENTS:,SPICE SUPREME THYME LEAVES 78G,SPICE SUPREME THYME LEAVES 78G,0,0,6,1,76114007716,76114007716,,,,,,,,
1737,,FOOD & CONDIMENTS:,SPICE SUPREME PURE GROUND GINGER 78G,SPICE SUPREME PURE GROUND GINGER 78G,0,0,25,1,76114303603,76114303603,,,,,,,,
1738,,FOOD & CONDIMENTS:,SPICE SUPREME BAY LEAVES 6G,SPICE SUPREME BAY LEAVES 6G,0,0,39,1,76114303801,76114303801,,,,,,,,
1741,,FOOD & CONDIMENTS:,SPICE SUPREME BASIL LEAVES 28G,SPICE SUPREME BASIL LEAVES 28G,0,0,3,1,76114304204,76114304204,,,,,,,,
1743,,FOOD & CONDIMENTS:,SPICE SUPREME CHILI POWDER 124G,SPICE SUPREME CHILI POWDER 124G,0,0,2,1,76114304600,76114304600,,,,,,,,
1744,,FOOD & CONDIMENTS:,SPICE SUPREME PURE GROUND CINNAMON 92G,SPICE SUPREME PURE GROUND CINNAMON 92G,0,0,3,1,76114304655,76114304655,,,,,,,,
1745,,FOOD & CONDIMENTS:,SPICE SUPREME CORIANDER 85G,SPICE SUPREME CORIANDER 85G,0,0,7,1,76114304662,76114304662,,,,,,,,
1746,,FOOD & CONDIMENTS:,SPICE SUPREME FRIED RICE SPICE 121G,SPICE SUPREME FRIED RICE SPICE 121G,0,0,11,1,76114305140,76114305140,,,,,,,,
1748,,FOOD & CONDIMENTS:,SPICE SUPREME JOLLOF RICE SPICE 156G,SPICE SUPREME JOLLOF RICE SPICE 156G,0,0,33,1,76114305270,76114305270,,,,,,,,
1749,,FOOD & CONDIMENTS:,SPICE SUPREME MEAT TENDERIZER SEASONING 227G,SPICE SUPREME MEAT TENDERIZER SEASONING 227G,0,0,21,1,76114305300,76114305300,,,,,,,,
1750,,FOOD & CONDIMENTS:,SPICE SUPREME ONION POWDER 71G,SPICE SUPREME ONION POWDER 71G,0,0,4,1,76114305508,76114305508,,,,,,,,
1753,,FOOD & CONDIMENTS:,SPICE SUPREME PAPRIKA 113G,SPICE SUPREME PAPRIKA 113G,0,0,6,1,76114305904,76114305904,,,,,,,,
1754,,FOOD & CONDIMENTS:,SPICE SUPREME PARSLEY FLAKES 14G,SPICE SUPREME PARSLEY FLAKES 14G,0,0,9,1,76114306000,76114306000,,,,,,,,
1756,,FOOD & CONDIMENTS:,SPICE SUPREME BARBECUE SPICE 227G,SPICE SUPREME BARBECUE SPICE 227G,0,0,7,1,76114306208,76114306208,,,,,,,,
1758,,FOOD & CONDIMENTS:,SPICE SUPREME CAJUN SPICE SEASONING 170G,SPICE SUPREME CAJUN SPICE SEASONING 170G,0,0,5,1,76114307403,76114307403,,,,,,,,
1759,,FOOD & CONDIMENTS:,SPICE SUPREME CURRY POWDER 85G,SPICE SUPREME CURRY POWDER 85G,0,0,9,1,76114307557,76114307557,,,,,,,,
176,,VILLAGE MARKET,CHILLI PEPPER (MEDIUM) JAR,CHILLI PEPPER (MEDIUM) JAR,0,0,6,1,6.27833E+12,6.27833E+12,,,,,,,,
1760,,FOOD & CONDIMENTS:,SPICE SUPREME FISH SEASONING 198G,SPICE SUPREME FISH SEASONING 198G,0,0,5,1,76114307601,76114307601,,,,,,,,
1761,,FOOD & CONDIMENTS:,SPICE SUPREME CHICKEN SEASONING 184G,SPICE SUPREME CHICKEN SEASONING 184G,0,0,20,1,76114307700,76114307700,,,,,,,,
1762,,FOOD & CONDIMENTS:,SPICE SUPREME PURE GROUND CUMIN 85G,SPICE SUPREME PURE GROUND CUMIN 85G,0,0,7,1,76114307755,76114307755,,,,,,,,
1763,,FOOD & CONDIMENTS:,SPICE SUPREME CAYENNE PEPPER 85G,SPICE SUPREME CAYENNE PEPPER 85G,0,0,2,1,76114307908,76114307908,,,,,,,,
1764,,FOOD & CONDIMENTS:,SPICE SUPREME THYME LEAVES 43G,SPICE SUPREME THYME LEAVES 43G,0,0,15,1,76114308202,76114308202,,,,,,,,
1769,,FOOD & CONDIMENTS:,SPICE SUPREME PURE GROUND BLACK PEPPER 57G,SPICE SUPREME PURE GROUND BLACK PEPPER 57G,0,0,8,1,76114380123,76114380123,,,,,,,,
177,,VILLAGE MARKET,CHILLI PEPPER (SMALL) JAR,CHILLI PEPPER (SMALL) JAR,0,0,8,1,6.29987E+12,6.29987E+12,,,,,,,,
1771,,FOOD & CONDIMENTS:,SPICE SUPREME PURE GROUND WHITE PEPPER 35G,SPICE SUPREME PURE GROUND WHITE PEPPER 35G,0,0,4,1,76114380277,76114380277,,,,,,,,
1772,,FOOD & CONDIMENTS:,SPICE SUPREME SAZON EVERYTHING MIX 99G,SPICE SUPREME SAZON EVERYTHING MIX 99G,0,0,1,1,76114380512,76114380512,,,,,,,,
1773,,FOOD & CONDIMENTS:,SPICE SUPREME PURE GROUND ALLSPICE 78G,SPICE SUPREME PURE GROUND ALLSPICE 78G,0,0,21,1,76114380574,76114380574,,,,,,,,
1774,,FOOD & CONDIMENTS:,SPICE SUPREME PURE GROUND NUTMEG 49G,SPICE SUPREME PURE GROUND NUTMEG 49G,0,0,12,1,76114613382,76114613382,,,,,,,,
1775,,FOOD & CONDIMENTS:,SPICE SUPREME PURE GROUND WHITE PEPPER 56G,SPICE SUPREME PURE GROUND WHITE PEPPER 56G,0,0,5,1,76114613399,76114613399,,,,,,,,
1776,,FOOD & CONDIMENTS:,GEL SUPERIOR THYME LEAVES 198G,GEL SUPERIOR THYME LEAVES 198G,0,0,11,1,76114801369,76114801369,,,,,,,,
1777,,FOOD & CONDIMENTS:,GEL SUPERIOR CURRY POWDER 454G,GEL SUPERIOR CURRY POWDER 454G,0,0,8,1,76114801376,76114801376,,,,,,,,
1778,,FOOD & CONDIMENTS:,ACT II BUTTER LOVERS 78G,ACT II BUTTER LOVERS 78G,0,0,17,1,76150232486,76150232486,,,,,,,,
1790,,FOOD & CONDIMENTS:,NAMO FOOD BLACK SEED 104G,NAMO FOOD BLACK SEED 104G,0,0,13,1,76950450479,76950450479,,,,,,,,
18,,VILLAGE MARKET,COCONUT (BIG),COCONUT (BIG),0,0,6,1,7441,7441,,,,,,,,
1812,,FOOD & CONDIMENTS:,INDOMIE ONION CHICKEN SUPER PACK 120G,INDOMIE ONION CHICKEN SUPER PACK 120G,0,0,374,1,89686130201,89686130201,,,,,,,,
1813,,FOOD & CONDIMENTS:,INDOMIE ORIENTAL FRIED NOODLES 70G,INDOMIE ORIENTAL FRIED NOODLES 70G,0,0,1274,1,89686130386,89686130386,,,,,,,,
1814,,FOOD & CONDIMENTS:,ELKRIS SUPER OAT 650G,ELKRIS SUPER OAT 650G,0,0,7,1,91037792273,91037792273,,,,,,,,
1815,,FOOD & CONDIMENTS:,KIRKLAND ORGANIC RAW HONEY 680G,KIRKLAND ORGANIC RAW HONEY 680G,0,0,7,1,96619032938,96619032938,,,,,,,,
1822,,FOOD & CONDIMENTS:,KIRKLAND CANOLA OIL 2.84LTR,KIRKLAND CANOLA OIL 2.84LTR,0,0,2,1,96619632596,96619632596,,,,,,,,
1824,,FOOD & CONDIMENTS:,NAMO FOOD FENUGREEK 104G,NAMO FOOD FENUGREEK 104G,0,0,10,1,1.00852E+11,1.00852E+11,,,,,,,,
1827,,FOOD & CONDIMENTS:,BICARBONATE OF SODA 100G,BICARBONATE OF SODA 100G,0,0,1,1,1.12233E+12,1.12233E+12,,,,,,,,
1832,,FOOD & CONDIMENTS:,EBAMCY HONEY 500ML,EBAMCY HONEY 500ML,0,0,3,1,1.18988E+12,1.18988E+12,,,,,,,,
1840,,FOOD & CONDIMENTS:,TIKTOK VIET RICE 5KG,TIKTOK VIET RICE 5KG,0,0,5,1,1.31235E+13,1.31235E+13,,,,,,,,
1842,,FOOD & CONDIMENTS:,EBAMCY PEPPER SPICE POUNCH 250G,EBAMCY PEPPER SPICE POUNCH 250G,0,0,8,1,1.39987E+12,1.39987E+12,,,,,,,,
1844,,FOOD & CONDIMENTS:,HAFTENY FOODS SWEET BEANS (EWA OLOYIN) 5KG,HAFTENY FOODS SWEET BEANS (EWA OLOYIN) 5KG,0,0,2,1,1.50201E+11,1.50201E+11,,,,,,,,
1845,,FOOD & CONDIMENTS:,GREENSPACE GRADE AAA EGGS BY 15,GREENSPACE GRADE AAA EGGS BY 15,0,0,6,1,1522943211,1522943211,,,,,,,,
1849,,FOOD & CONDIMENTS:,ARIELLA CHIN CHIN SMALL JAR,ARIELLA CHIN CHIN SMALL JAR,0,0,5,1,1.65477E+12,1.65477E+12,,,,,,,,
185,,VILLAGE MARKET,CINAMON STICK,CINAMON STICK,0,0,12,1,6.36926E+12,6.36926E+12,,,,,,,,
1855,,FOOD & CONDIMENTS:,SANTA SOPHIA TRICOLOR PASTA 400G,SANTA SOPHIA TRICOLOR PASTA 400G,0,0,2,1,1.90484E+11,1.90484E+11,,,,,,,,
187,,VILLAGE MARKET,EGUSI (BIG),EGUSI (BIG),0,0,4,1,6.65214E+12,6.65214E+12,,,,,,,,
1879,,FOOD & CONDIMENTS:,ASDA SPAGHETTI 500G,ASDA SPAGHETTI 500G,0,0,9,1,21048494,21048494,,,,,,,,
188,,VILLAGE MARKET,CHILLI PEPPER (BIG) JAR,CHILLI PEPPER (BIG) JAR,0,0,9,1,6.6846E+12,6.6846E+12,,,,,,,,
1881,,FOOD & CONDIMENTS:,JOES FOODS HONEY BEANS 1KG,JOES FOODS HONEY BEANS 1KG,0,0,11,1,2.11237E+12,2.11237E+12,,,,,,,,
1886,,FOOD & CONDIMENTS:,EBAMCY HONEY PLUS GINGER & GARLIC 500ML,EBAMCY HONEY PLUS GINGER & GARLIC 500ML,0,0,1,1,2.26869E+12,2.26869E+12,,,,,,,,
1888,,FOOD & CONDIMENTS:,GREENSPACE GRADE AAA EGGS BY 24,GREENSPACE GRADE AAA EGGS BY 24,0,0,8,1,2421943211,2421943211,,,,,,,,
1890,,FOOD & CONDIMENTS:,OLOBE PALM OIL 5LTRS,OLOBE PALM OIL 5LTRS,0,0,4,1,2.5122E+12,2.5122E+12,,,,,,,,
1891,,FOOD & CONDIMENTS:,TOMATO RICE (LONG GRAIN) 10KG,TOMATO RICE (LONG GRAIN) 10KG,0,0,10,1,2548,2548,,,,,,,,
1897,,FOOD & CONDIMENTS:,BAYARA CHILLI CRUSHED 100G,BAYARA CHILLI CRUSHED 100G,0,0,2,1,2.96157E+12,2.96157E+12,,,,,,,,
1899,,FOOD & CONDIMENTS:,BAYARA GARLIC POWDER 170GG,BAYARA GARLIC POWDER 170GG,0,0,2,1,2.96157E+12,2.96157E+12,,,,,,,,
190,,VILLAGE MARKET,PACK OF DATE,PACK OF DATE,0,0,7,1,6.69874E+12,6.69874E+12,,,,,,,,
1900,,FOOD & CONDIMENTS:,BAYARA GINGER POWDER SPICES 155G,BAYARA GINGER POWDER SPICES 155G,0,0,7,1,2.96157E+12,2.96157E+12,,,,,,,,
1901,,FOOD & CONDIMENTS:,BAYARA PAPRIKA POWER SPICES 150G,BAYARA PAPRIKA POWER SPICES 150G,0,0,10,1,2.96157E+12,2.96157E+12,,,,,,,,
1903,,FOOD & CONDIMENTS:,BAYARA WHITE PEPPER POWDER 180G,BAYARA WHITE PEPPER POWDER 180G,0,0,1,1,2.96157E+12,2.96157E+12,,,,,,,,
1906,,FOOD & CONDIMENTS:,BAYARA BASIL LEAV 50G,BAYARA BASIL LEAV 50G,0,0,8,1,2.96157E+12,2.96157E+12,,,,,,,,
1907,,FOOD & CONDIMENTS:,BAYARA THYME LEAV 70G,BAYARA THYME LEAV 70G,0,0,14,1,2.96157E+12,2.96157E+12,,,,,,,,
1908,,FOOD & CONDIMENTS:,BAYARA SHAWARMA SPICES 155G,BAYARA SHAWARMA SPICES 155G,0,0,13,1,2.96157E+12,2.96157E+12,,,,,,,,
1909,,FOOD & CONDIMENTS:,BAYARA PUMPKIN SEEDS 200G,BAYARA PUMPKIN SEEDS 200G,0,0,4,1,2.96157E+12,2.96157E+12,,,,,,,,
1912,,FOOD & CONDIMENTS:,GREENSPACE GRADE AAA EGGS BY 30,GREENSPACE GRADE AAA EGGS BY 30,0,0,5,1,3022943211,3022943211,,,,,,,,
1914,,FOOD & CONDIMENTS:,MALIANGE MIXED VEGETABLE 425ML,MALIANGE MIXED VEGETABLE 425ML,0,0,12,1,3.0472E+12,3.0472E+12,,,,,,,,
1915,,FOOD & CONDIMENTS:,A. LEGAL MACEDOINE MIXED VEGGIE CAN 400G,A. LEGAL MACEDOINE MIXED VEGGIE CAN 400G,0,0,29,1,3.04721E+12,3.04721E+12,,,,,,,,
1920,,FOOD & CONDIMENTS:,RIVOCCA TORSADE 500G,RIVOCCA TORSADE 500G,0,0,2,1,3.17796E+12,3.17796E+12,,,,,,,,
1921,,FOOD & CONDIMENTS:,RIVOCCA MACARONI 500G,RIVOCCA MACARONI 500G,0,0,9,1,3.17796E+12,3.17796E+12,,,,,,,,
1923,,FOOD & CONDIMENTS:,RIVOCCA VERMICELLE CHEVEUX D'ANGE 500G,RIVOCCA VERMICELLE CHEVEUX D'ANGE 500G,0,0,6,1,3.17796E+12,3.17796E+12,,,,,,,,
1924,,FOOD & CONDIMENTS:,RIVOCCA COQUILLETTE 500G,RIVOCCA COQUILLETTE 500G,0,0,2,1,3.17796E+12,3.17796E+12,,,,,,,,
1925,,FOOD & CONDIMENTS:,SIPA COUSCOUS 500G,SIPA COUSCOUS 500G,0,0,3,1,3.17796E+12,3.17796E+12,,,,,,,,
1928,,FOOD & CONDIMENTS:,PRESIDENT SPREADABLE CHEESE 8PORTIONS 120G,PRESIDENT SPREADABLE CHEESE 8PORTIONS 120G,0,0,9,1,3.22802E+12,3.22802E+12,,,,,,,,
1931,,FOOD & CONDIMENTS:,DUCROS DRIED THYME 10G,DUCROS DRIED THYME 10G,0,0,25,1,3.27592E+12,3.27592E+12,,,,,,,,
1933,,FOOD & CONDIMENTS:,DUCROS CURRY POWDER 500G,DUCROS CURRY POWDER 500G,0,0,2,1,3.27592E+12,3.27592E+12,,,,,,,,
1934,,FOOD & CONDIMENTS:,DUCROS CURRY POWDER 250G,DUCROS CURRY POWDER 250G,0,0,35,1,3.27592E+12,3.27592E+12,,,,,,,,
1941,,FOOD & CONDIMENTS:,ATUN FOODS BANGA SPICE POWDER GARDEN CLOVES 100G,ATUN FOODS BANGA SPICE POWDER GARDEN CLOVES 100G,0,0,5,1,3.42961E+11,3.42961E+11,,,,,,,,
1943,,FOOD & CONDIMENTS:,BAYARA MUSTARD SEEDS 200G,BAYARA MUSTARD SEEDS 200G,0,0,1,1,3.43441E+12,3.43441E+12,,,,,,,,
1950,,FOOD & CONDIMENTS:,BABBY'S ORGANICS FLAX SEEDS 150G,BABBY'S ORGANICS FLAX SEEDS 150G,0,0,2,1,3.65815E+12,3.65815E+12,,,,,,,,
1951,,FOOD & CONDIMENTS:,RIVOCCA RIGATONI 500G,RIVOCCA RIGATONI 500G,0,0,5,1,3.66086E+12,3.66086E+12,,,,,,,,
1957,,FOOD & CONDIMENTS:,BENS ORIGINAL SWEET & SOUR 450G,BENS ORIGINAL SWEET & SOUR 450G,0,0,2,1,4.00236E+12,4.00236E+12,,,,,,,,
1968,,FOOD & CONDIMENTS:,STUTE THICK CUT ORANGE MARMALADE JAM 340G,STUTE THICK CUT ORANGE MARMALADE JAM 340G,0,0,4,1,4.00642E+12,4.00642E+12,,,,,,,,
1971,,FOOD & CONDIMENTS:,KIIHNE MADE FOR MEAT SRIRACHA CHILLI SAUCE 235ML,KIIHNE MADE FOR MEAT SRIRACHA CHILLI SAUCE 235ML,0,0,4,1,40198637,40198637,,,,,,,,
1972,,FOOD & CONDIMENTS:,KIIHNE MADE FOR MEAT CHIPOTLE BURGER STYLE SAUCE 2,KIIHNE MADE FOR MEAT CHIPOTLE BURGER STYLE SAUCE 2,0,0,3,1,40198668,40198668,,,,,,,,
1973,,FOOD & CONDIMENTS:,EBAMCY PEANUTS SEASONED WITH HONEY 250G,EBAMCY PEANUTS SEASONED WITH HONEY 250G,0,0,65,1,4.0311E+12,4.0311E+12,,,,,,,,
1981,,FOOD & CONDIMENTS:,BATTS TOMATO KETCHUP 560G,BATTS TOMATO KETCHUP 560G,0,0,7,1,4.05649E+12,4.05649E+12,,,,,,,,
1984,,FOOD & CONDIMENTS:,SIMPLY PENNE 500G,SIMPLY PENNE 500G,0,0,1,1,4.05649E+12,4.05649E+12,,,,,,,,
1988,,FOOD & CONDIMENTS:,SIMPLY SPAGHETTI 500G,SIMPLY SPAGHETTI 500G,0,0,17,1,4.05649E+12,4.05649E+12,,,,,,,,
1990,,FOOD & CONDIMENTS:,THE FISHMONGER SARDINES IN SUNFLOWER OIL 120G,THE FISHMONGER SARDINES IN SUNFLOWER OIL 120G,0,0,1,1,4.06146E+12,4.06146E+12,,,,,,,,
1997,,FOOD & CONDIMENTS:,EVERYDAY PORRIDGE OATS 1KG,EVERYDAY PORRIDGE OATS 1KG,0,0,10,1,4.0886E+12,4.0886E+12,,,,,,,,
2000,,FOOD & CONDIMENTS:,EVERYDAY ESSENTIALS SPAGHETTI 500G,EVERYDAY ESSENTIALS SPAGHETTI 500G,0,0,32,1,4.0886E+12,4.0886E+12,,,,,,,,
2001,,FOOD & CONDIMENTS:,EVERYDAY ESSENTIALS PENNE 500G,EVERYDAY ESSENTIALS PENNE 500G,0,0,7,1,4.0886E+12,4.0886E+12,,,,,,,,
2011,,FOOD & CONDIMENTS:,BURMAN'S TRADITIONAL YELLOW MUSTARD 1 GRADE MUSTAR,BURMAN'S TRADITIONAL YELLOW MUSTARD 1 GRADE MUSTAR,0,0,7,1,4.0991E+12,4.0991E+12,,,,,,,,
2023,,FOOD & CONDIMENTS:,ARIELLA CHIN CHIN BIG JAR,ARIELLA CHIN CHIN BIG JAR,0,0,1,1,4.35675E+12,4.35675E+12,,,,,,,,
2027,,FOOD & CONDIMENTS:,ATUN FOODS PEPPER SOUP SPICE POWDER 120G,ATUN FOODS PEPPER SOUP SPICE POWDER 120G,0,0,1,1,4.63138E+11,4.63138E+11,,,,,,,,
2029,,FOOD & CONDIMENTS:,SOLEIR PURE SUNFLOWER OIL 5LTR,SOLEIR PURE SUNFLOWER OIL 5LTR,0,0,1,1,4.82019E+12,4.82019E+12,,,,,,,,
2038,,FOOD & CONDIMENTS:,GINO VIET FRAGRANT KDM RICE 1KG,GINO VIET FRAGRANT KDM RICE 1KG,0,0,7,1,4.89705E+12,4.89705E+12,,,,,,,,
204,,VILLAGE MARKET,GROUNDNUT 500G,GROUNDNUT 500G,0,0,6,1,6.99551E+12,6.99551E+12,,,,,,,,
2045,,FOOD & CONDIMENTS:,HP HONEY BBQ HONEY 465G,HP HONEY BBQ HONEY 465G,0,0,7,1,5.00011E+12,5.00011E+12,,,,,,,,
2046,,FOOD & CONDIMENTS:,HP CLASSIC BBQ SAUCE RICH&SMOKEY 465G,HP CLASSIC BBQ SAUCE RICH&SMOKEY 465G,0,0,10,1,5.00011E+12,5.00011E+12,,,,,,,,
2047,,FOOD & CONDIMENTS:,TESCO TRICOLOR FUSILLI 500G,TESCO TRICOLOR FUSILLI 500G,0,0,3,1,5.00012E+12,5.00012E+12,,,,,,,,
2048,,FOOD & CONDIMENTS:,HEINZ BAKED BEANS 415G,HEINZ BAKED BEANS 415G,0,0,28,1,5.00016E+12,5.00016E+12,,,,,,,,
2064,,FOOD & CONDIMENTS:,JOHN WEST SARDINES IN TOMATO SAUCE 120G,JOHN WEST SARDINES IN TOMATO SAUCE 120G,0,0,10,1,5.00017E+12,5.00017E+12,,,,,,,,
2067,,FOOD & CONDIMENTS:,JOHN WEST SARDINE IN SPICY TOMATO SAUCE 120G,JOHN WEST SARDINE IN SPICY TOMATO SAUCE 120G,0,0,6,1,5.00017E+12,5.00017E+12,,,,,,,,
2070,,FOOD & CONDIMENTS:,JOHN WEST TUNA CHUNKS IN SUNFLOWER OIL 145G,JOHN WEST TUNA CHUNKS IN SUNFLOWER OIL 145G,0,0,4,1,5.00017E+12,5.00017E+12,,,,,,,,
2076,,FOOD & CONDIMENTS:,PRINCES SARDINES IN RICH TOMATO SAUCE 120G,PRINCES SARDINES IN RICH TOMATO SAUCE 120G,0,0,13,1,5.00023E+12,5.00023E+12,,,,,,,,
2079,,FOOD & CONDIMENTS:,PRINCES CORNED BEEF 340G,PRINCES CORNED BEEF 340G,0,0,25,1,5.00023E+12,5.00023E+12,,,,,,,,
208,,VILLAGE MARKET,AGRIANT WHOLE DRIED CATFISH 2O0G,AGRIANT WHOLE DRIED CATFISH 2O0G,0,0,5,1,7.14085E+11,7.14085E+11,,,,,,,,
2080,,FOOD & CONDIMENTS:,PRINCES 8 HOT DOGS 400G,PRINCES 8 HOT DOGS 400G,0,0,9,1,5.00023E+12,5.00023E+12,,,,,,,,
2086,,FOOD & CONDIMENTS:,FARROW'S GIANT MARROWFAT PEAS 538G,FARROW'S GIANT MARROWFAT PEAS 538G,0,0,11,1,5.00023E+12,5.00023E+12,,,,,,,,
2087,,FOOD & CONDIMENTS:,FARROW'S GIANT MARROWFAT PEAS 300G,FARROW'S GIANT MARROWFAT PEAS 300G,0,0,15,1,5.00023E+12,5.00023E+12,,,,,,,,
209,,VILLAGE MARKET,AGRIANT WHOLE DRIED CATFISH 400G,AGRIANT WHOLE DRIED CATFISH 400G,0,0,4,1,7.14085E+11,7.14085E+11,,,,,,,,
2094,,FOOD & CONDIMENTS:,TESCO TAGLIATELLE PASTA 500G,TESCO TAGLIATELLE PASTA 500G,0,0,6,1,5.00044E+12,5.00044E+12,,,,,,,,
2097,,FOOD & CONDIMENTS:,SAXA SALT FINE 750G,SAXA SALT FINE 750G,0,0,6,1,5.01002E+12,5.01002E+12,,,,,,,,
210,,VILLAGE MARKET,GARLIC POWDER 100G,GARLIC POWDER 100G,0,0,24,1,7.21255E+12,7.21255E+12,,,,,,,,
2101,,FOOD & CONDIMENTS:,MORRISON SPAGHETTI,MORRISON SPAGHETTI,0,0,29,1,5.01025E+12,5.01025E+12,,,,,,,,
2102,,FOOD & CONDIMENTS:,LION CURRY POWDER 25G,LION CURRY POWDER 25G,0,0,20,1,5.01029E+12,5.01029E+12,,,,,,,,
2105,,FOOD & CONDIMENTS:,COSTA COARSE SEA SALT 750G,COSTA COARSE SEA SALT 750G,0,0,4,1,5.01034E+12,5.01034E+12,,,,,,,,
2121,,FOOD & CONDIMENTS:,NATCO RICH & CREAMY COCONUT MILK 400ML,NATCO RICH & CREAMY COCONUT MILK 400ML,0,0,4,1,5.01353E+12,5.01353E+12,,,,,,,,
2122,,FOOD & CONDIMENTS:,NATCO BLACK MUSTARD SEEDS 100G,NATCO BLACK MUSTARD SEEDS 100G,0,0,9,1,5.01353E+12,5.01353E+12,,,,,,,,
2123,,FOOD & CONDIMENTS:,NATCO OLIVE POMACE OIL 5L,NATCO OLIVE POMACE OIL 5L,0,0,3,1,5.01353E+12,5.01353E+12,,,,,,,,
2125,,FOOD & CONDIMENTS:,NATCO PEELED PLUM TOMATOES 400G,NATCO PEELED PLUM TOMATOES 400G,0,0,18,1,5.01353E+12,5.01353E+12,,,,,,,,
2126,,FOOD & CONDIMENTS:,KTC OLIVE-POMACE OIL 5LTR,KTC OLIVE-POMACE OIL 5LTR,0,0,2,1,5.01364E+12,5.01364E+12,,,,,,,,
2128,,FOOD & CONDIMENTS:,KTC 100% COCONUT OIL 250ML,KTC 100% COCONUT OIL 250ML,0,0,6,1,5.01364E+12,5.01364E+12,,,,,,,,
2132,,FOOD & CONDIMENTS:,KTC COCNUT MILK RICH&CREAMY 400G,KTC COCNUT MILK RICH&CREAMY 400G,0,0,1,1,5.01364E+12,5.01364E+12,,,,,,,,
2143,,FOOD & CONDIMENTS:,TRS FENNEL SEEDS SOONF 100G,TRS FENNEL SEEDS SOONF 100G,0,0,12,1,5.01769E+12,5.01769E+12,,,,,,,,
2145,,FOOD & CONDIMENTS:,TRS GARLIC POWDER 100G,TRS GARLIC POWDER 100G,0,0,15,1,5.01769E+12,5.01769E+12,,,,,,,,
2147,,FOOD & CONDIMENTS:,TRS PLUM PEELED TOMATOES 400G,TRS PLUM PEELED TOMATOES 400G,0,0,19,1,5.01769E+12,5.01769E+12,,,,,,,,
2148,,FOOD & CONDIMENTS:,TRS POPPING CORN 500G,TRS POPPING CORN 500G,0,0,10,1,5.01769E+12,5.01769E+12,,,,,,,,
2151,,FOOD & CONDIMENTS:,TRS BLACK PEPPER COARSE 100G,TRS BLACK PEPPER COARSE 100G,0,0,14,1,5.01769E+12,5.01769E+12,,,,,,,,
2156,,FOOD & CONDIMENTS:,TRS BASMATIC RICE 5KG,TRS BASMATIC RICE 5KG,0,0,1,1,5.01769E+12,5.01769E+12,,,,,,,,
2157,,FOOD & CONDIMENTS:,TRS COCONUT MILK 400ML,TRS COCONUT MILK 400ML,0,0,9,1,5.01769E+12,5.01769E+12,,,,,,,,
2159,,FOOD & CONDIMENTS:,FINEST COLD DRAWN CASTOR OIL B 70ML,FINEST COLD DRAWN CASTOR OIL B 70ML,0,0,6,1,5.01785E+12,5.01785E+12,,,,,,,,
2160,,FOOD & CONDIMENTS:,TESCO SARDINES IN TOMATO SAUCE 120G,TESCO SARDINES IN TOMATO SAUCE 120G,0,0,7,1,5.01837E+12,5.01837E+12,,,,,,,,
2168,,FOOD & CONDIMENTS:,NAPA EXTRA VIRGIN OLIVE OIL 250ML,NAPA EXTRA VIRGIN OLIVE OIL 250ML,0,0,6,1,50230723,50230723,,,,,,,,
2187,,FOOD & CONDIMENTS:,PEGASUS GROUND MIXED SPICE 25G,PEGASUS GROUND MIXED SPICE 25G,0,0,10,1,5.02979E+12,5.02979E+12,,,,,,,,
2189,,FOOD & CONDIMENTS:,PEGASUS OREGANO 15G,PEGASUS OREGANO 15G,0,0,9,1,5.02979E+12,5.02979E+12,,,,,,,,
2191,,FOOD & CONDIMENTS:,TROPICAL SUN CORNED BEEF ORIGINAL 340G,TROPICAL SUN CORNED BEEF ORIGINAL 340G,0,0,3,1,5.02979E+12,5.02979E+12,,,,,,,,
2192,,FOOD & CONDIMENTS:,TROPICAL GOLDEN SELLA BASMATI RICE 2KG,TROPICAL GOLDEN SELLA BASMATI RICE 2KG,0,0,1,1,5.02979E+12,5.02979E+12,,,,,,,,
2193,,FOOD & CONDIMENTS:,TROPICAL GOLDEN SELLA BASMATI RICE 5KG,TROPICAL GOLDEN SELLA BASMATI RICE 5KG,0,0,4,1,5.02979E+12,5.02979E+12,,,,,,,,
2194,,FOOD & CONDIMENTS:,TROPICAL SUN BASMATI RICE 10KG,TROPICAL SUN BASMATI RICE 10KG,0,0,4,1,5.02979E+12,5.02979E+12,,,,,,,,
22,,VILLAGE MARKET,IGBAKO,IGBAKO,0,0,15,1,14454,14454,,,,,,,,
2200,,FOOD & CONDIMENTS:,TROPICAL SUN VIRGIN COCONUT OIL 250ML,TROPICAL SUN VIRGIN COCONUT OIL 250ML,0,0,15,1,5.02979E+12,5.02979E+12,,,,,,,,
2207,,FOOD & CONDIMENTS:,AANI GOLDEN SELLA BASMATI RICE 5KG,AANI GOLDEN SELLA BASMATI RICE 5KG,0,0,2,1,5.02979E+12,5.02979E+12,,,,,,,,
2208,,FOOD & CONDIMENTS:,TROPICAL SUN TUNA CHUNKS IN BRINE 160G,TROPICAL SUN TUNA CHUNKS IN BRINE 160G,0,0,1,1,5.02979E+12,5.02979E+12,,,,,,,,
221,,VILLAGE MARKET,BONGA FISH (BIG),BONGA FISH (BIG),0,0,5,1,8.00125E+12,8.00125E+12,,,,,,,,
2211,,FOOD & CONDIMENTS:,TROPICAL SUN ALMONDS 100G,TROPICAL SUN ALMONDS 100G,0,0,9,1,5.02979E+12,5.02979E+12,,,,,,,,
2212,,FOOD & CONDIMENTS:,TROPICAL SUN ORGANIC COCONUT MILK 400ML,TROPICAL SUN ORGANIC COCONUT MILK 400ML,0,0,24,1,5.02979E+12,5.02979E+12,,,,,,,,
2214,,FOOD & CONDIMENTS:,PEGASUS HIMALAYAN WHITE SALT FINE 800G,PEGASUS HIMALAYAN WHITE SALT FINE 800G,0,0,4,1,5.02979E+12,5.02979E+12,,,,,,,,
2225,,FOOD & CONDIMENTS:,TROPICAL SUN GROUND CLOVES 100G,TROPICAL SUN GROUND CLOVES 100G,0,0,4,1,5.02979E+12,5.02979E+12,,,,,,,,
2228,,FOOD & CONDIMENTS:,TROPICAL SUN EXTRA VIRGIN OLIVE OIL & SUNFLOWER 5L,TROPICAL SUN EXTRA VIRGIN OLIVE OIL & SUNFLOWER 5L,0,0,2,1,5.02979E+12,5.02979E+12,,,,,,,,
2229,,FOOD & CONDIMENTS:,TROPICAL SUN ALMONDS 750ML,TROPICAL SUN ALMONDS 750ML,0,0,3,1,5.02979E+12,5.02979E+12,,,,,,,,
223,,VILLAGE MARKET,ESSENTIAL PALM OIL 1LT,ESSENTIAL PALM OIL 1LT,0,0,28,1,8.03366E+12,8.03366E+12,,,,,,,,
2231,,FOOD & CONDIMENTS:,OLU-OLU POUNDO IYAN 1.2KG,OLU-OLU POUNDO IYAN 1.2KG,0,0,6,1,5.03067E+12,5.03067E+12,,,,,,,,
2232,,FOOD & CONDIMENTS:,LASER POMACE OLIVE OIL 4LTRS,LASER POMACE OLIVE OIL 4LTRS,0,0,3,1,5.03262E+12,5.03262E+12,,,,,,,,
2233,,FOOD & CONDIMENTS:,LASER OLIVE&RAPSEED OIL 5LTRS,LASER OLIVE&RAPSEED OIL 5LTRS,0,0,3,1,5.03262E+12,5.03262E+12,,,,,,,,
2238,,FOOD & CONDIMENTS:,LASER OLIVE&SUNFLOWER OIL 3LTRS,LASER OLIVE&SUNFLOWER OIL 3LTRS,0,0,2,1,5.03262E+12,5.03262E+12,,,,,,,,
2252,,FOOD & CONDIMENTS:,BONITA SPAGHETTI 500G,BONITA SPAGHETTI 500G,0,0,11,1,50392025,50392025,,,,,,,,
2254,,FOOD & CONDIMENTS:,NANDOS PERI-PERI RUB SMOKEY BBQ 25G,NANDOS PERI-PERI RUB SMOKEY BBQ 25G,0,0,8,1,5.0393E+12,5.0393E+12,,,,,,,,
2258,,FOOD & CONDIMENTS:,VITALS GINGER GARLIC POWDER 5G,VITALS GINGER GARLIC POWDER 5G,0,0,37,1,5.05002E+12,5.05002E+12,,,,,,,,
2259,,FOOD & CONDIMENTS:,VITAPEPE TOMATO PEPPER PASTE WITH ONION SACHET 50,VITAPEPE TOMATO PEPPER PASTE WITH ONION SACHET 50,0,0,114,1,5.05002E+12,5.05002E+12,,,,,,,,
226,,VILLAGE MARKET,GINGER POWDER,GINGER POWDER,0,0,13,1,8.54125E+12,8.54125E+12,,,,,,,,
2261,,FOOD & CONDIMENTS:,VITALI TOMATO MIX PASTE SACHET 50G,VITALI TOMATO MIX PASTE SACHET 50G,0,0,136,1,5.05002E+12,5.05002E+12,,,,,,,,
2264,,FOOD & CONDIMENTS:,ASDA SMA PASTA SHAPES 500G,ASDA SMA PASTA SHAPES 500G,0,0,23,1,5.05085E+12,5.05085E+12,,,,,,,,
2265,,FOOD & CONDIMENTS:,SEALAPACK 35 RESEALABLE AND REUSEABLE FREEZER BAGS,SEALAPACK 35 RESEALABLE AND REUSEABLE FREEZER BAGS,0,0,15,1,5.05325E+12,5.05325E+12,,,,,,,,
2267,,FOOD & CONDIMENTS:,BEST ONE TABLE SALT 750G,BEST ONE TABLE SALT 750G,0,0,9,1,5.05407E+12,5.05407E+12,,,,,,,,
2288,,FOOD & CONDIMENTS:,TESCO SPAGHETTI 500G,TESCO SPAGHETTI 500G,0,0,1,1,5.05755E+12,5.05755E+12,,,,,,,,
229,,VILLAGE MARKET,DETOP NATURAL DRY LOCUST BEAN (IRU),DETOP NATURAL DRY LOCUST BEAN (IRU),0,0,11,1,8.56958E+12,8.56958E+12,,,,,,,,
2298,,FOOD & CONDIMENTS:,NAPA CORNED BEEF 340G,NAPA CORNED BEEF 340G,0,0,24,1,5.06018E+12,5.06018E+12,,,,,,,,
230,,VILLAGE MARKET,OLOTU BEANS 1KG,OLOTU BEANS 1KG,0,0,6,1,85725,85725,,,,,,,,
2300,,FOOD & CONDIMENTS:,HALAL SUN VALLEY CORNED BEEF LOAF 340G,HALAL SUN VALLEY CORNED BEEF LOAF 340G,0,0,19,1,5.06018E+12,5.06018E+12,,,,,,,,
2301,,FOOD & CONDIMENTS:,NAPA CORNED BEEF 200G,NAPA CORNED BEEF 200G,0,0,1,1,5.06018E+12,5.06018E+12,,,,,,,,
2302,,FOOD & CONDIMENTS:,OATALA OAT FLOUR 100% MILLED WHOLEGRAIN 1.5KG,OATALA OAT FLOUR 100% MILLED WHOLEGRAIN 1.5KG,0,0,7,1,5.06018E+12,5.06018E+12,,,,,,,,
2304,,FOOD & CONDIMENTS:,HARTLEY'S APRICOT JAM 300G,HARTLEY'S APRICOT JAM 300G,0,0,6,1,5.06039E+12,5.06039E+12,,,,,,,,
2305,,FOOD & CONDIMENTS:,HARTLEY'S BLACKCURRANT JAM 300G,HARTLEY'S BLACKCURRANT JAM 300G,0,0,2,1,5.06039E+12,5.06039E+12,,,,,,,,
2306,,FOOD & CONDIMENTS:,MCVITIES DIGESTIVE ORIGINAL 90G,MCVITIES DIGESTIVE ORIGINAL 90G,0,0,47,1,5.06048E+12,5.06048E+12,,,,,,,,
2321,,FOOD & CONDIMENTS:,KRAZY NUTS ALMOND 750G,KRAZY NUTS ALMOND 750G,0,0,6,1,5.06101E+12,5.06101E+12,,,,,,,,
2326,,FOOD & CONDIMENTS:,SAFFOLA SUNFLOWER OIL 5LTR,SAFFOLA SUNFLOWER OIL 5LTR,0,0,2,1,5.065E+12,5.065E+12,,,,,,,,
2332,,FOOD & CONDIMENTS:,PRINCES TUNA CHUNKS IN BRINE 145G,PRINCES TUNA CHUNKS IN BRINE 145G,0,0,17,1,50717163,50717163,,,,,,,,
2335,,FOOD & CONDIMENTS:,CHOP-CHOP DRIED MIXED FRUIT 500G,CHOP-CHOP DRIED MIXED FRUIT 500G,0,0,11,1,5.20104E+12,5.20104E+12,,,,,,,,
2336,,FOOD & CONDIMENTS:,UPPERROOM COMMUNION WAFERS ROUND UNLEAVENED MEDIU,UPPERROOM COMMUNION WAFERS ROUND UNLEAVENED MEDIU,0,0,8,1,5.2402E+12,5.2402E+12,,,,,,,,
2337,,FOOD & CONDIMENTS:,UPPERROOM COMMUNION WAFERS ROUND UNLEAVENED BIG J,UPPERROOM COMMUNION WAFERS ROUND UNLEAVENED BIG J,0,0,5,1,5.2402E+12,5.2402E+12,,,,,,,,
2340,,FOOD & CONDIMENTS:,DOMO WHIPPING CREAM VANILLA FLAVOUR 500G,DOMO WHIPPING CREAM VANILLA FLAVOUR 500G,0,0,7,1,5.28101E+12,5.28101E+12,,,,,,,,
2353,,FOOD & CONDIMENTS:,DOMO SYRUP DARK CHOCOLATE 610G,DOMO SYRUP DARK CHOCOLATE 610G,0,0,2,1,5.28101E+12,5.28101E+12,,,,,,,,
2354,,FOOD & CONDIMENTS:,DOMO SYRUP CARAMEL 610G,DOMO SYRUP CARAMEL 610G,0,0,2,1,5.28101E+12,5.28101E+12,,,,,,,,
2355,,FOOD & CONDIMENTS:,DOMO SYRUP STRAWBERRY 610G,DOMO SYRUP STRAWBERRY 610G,0,0,5,1,5.28101E+12,5.28101E+12,,,,,,,,
2356,,FOOD & CONDIMENTS:,DOMO SYRUP MILK CHOCOLATE 610G,DOMO SYRUP MILK CHOCOLATE 610G,0,0,4,1,5.28101E+12,5.28101E+12,,,,,,,,
2357,,FOOD & CONDIMENTS:,DOMO ICE CREAM VAILLA FLAVOUR POWDER 70G,DOMO ICE CREAM VAILLA FLAVOUR POWDER 70G,0,0,24,1,5.28101E+12,5.28101E+12,,,,,,,,
2358,,FOOD & CONDIMENTS:,DOMO ICE CREAM STRAWBERRY FLAVOUR POWDER 70G,DOMO ICE CREAM STRAWBERRY FLAVOUR POWDER 70G,0,0,25,1,5.28101E+12,5.28101E+12,,,,,,,,
2361,,FOOD & CONDIMENTS:,PLEIN SOLEIL CHUNKS LIGHT MEAT TUNA IN OIL 170G,PLEIN SOLEIL CHUNKS LIGHT MEAT TUNA IN OIL 170G,0,0,3,1,5.28301E+12,5.28301E+12,,,,,,,,
2363,,FOOD & CONDIMENTS:,PLEIN SOLEIL SOLID WHITE TUNA IN OIL 185G,PLEIN SOLEIL SOLID WHITE TUNA IN OIL 185G,0,0,1,1,5.285E+12,5.285E+12,,,,,,,,
2364,,FOOD & CONDIMENTS:,PLEIN SOLEIL WHITE TUNA IN WATER 185G,PLEIN SOLEIL WHITE TUNA IN WATER 185G,0,0,1,1,5.285E+12,5.285E+12,,,,,,,,
2365,,FOOD & CONDIMENTS:,PLEIN SOLEIL SOLID WHITE TUNA WITH CHILI 185G,PLEIN SOLEIL SOLID WHITE TUNA WITH CHILI 185G,0,0,1,1,5.285E+12,5.285E+12,,,,,,,,
2367,,FOOD & CONDIMENTS:,CROWN SLIM SPAGHETTI 500G,CROWN SLIM SPAGHETTI 500G,0,0,97,1,5.29685E+12,5.29685E+12,,,,,,,,
2368,,FOOD & CONDIMENTS:,CROWN TWIST CAVATTO 500G,CROWN TWIST CAVATTO 500G,0,0,97,1,5.29685E+12,5.29685E+12,,,,,,,,
2369,,FOOD & CONDIMENTS:,CROWN PREMIUM SPAGHETTI SLIM 500G,CROWN PREMIUM SPAGHETTI SLIM 500G,0,0,42,1,5.29685E+12,5.29685E+12,,,,,,,,
237,,VILLAGE MARKET,SHOKO,SHOKO,0,0,5,1,88984,88984,,,,,,,,
2370,,FOOD & CONDIMENTS:,CROWN PREMIUM SPAGHETTI 500G,CROWN PREMIUM SPAGHETTI 500G,0,0,31,1,5.29685E+12,5.29685E+12,,,,,,,,
2372,,FOOD & CONDIMENTS:,MAMA'S PRIDE TWIST CAVATTO 500G,MAMA'S PRIDE TWIST CAVATTO 500G,0,0,110,1,5.29685E+12,5.29685E+12,,,,,,,,
2373,,FOOD & CONDIMENTS:,MAMA'S PRIDE SPAGHETTI SLIM 500G,MAMA'S PRIDE SPAGHETTI SLIM 500G,0,0,157,1,5.29685E+12,5.29685E+12,,,,,,,,
2374,,FOOD & CONDIMENTS:,FOSTER CLARKS COCONUT 28ML,FOSTER CLARKS COCONUT 28ML,0,0,4,1,5.3521E+12,5.3521E+12,,,,,,,,
2375,,FOOD & CONDIMENTS:,FOSTER CLARK'S BUTTERSCOTCH OIL 28ML,FOSTER CLARK'S BUTTERSCOTCH OIL 28ML,0,0,4,1,5.3521E+12,5.3521E+12,,,,,,,,
2378,,FOOD & CONDIMENTS:,FOSTER CLARKS ALMOND 28ML,FOSTER CLARKS ALMOND 28ML,0,0,8,1,5.3521E+12,5.3521E+12,,,,,,,,
238,,VILLAGE MARKET,TEMEGRAVID PONMO,TEMEGRAVID PONMO,0,0,2,1,8.95024E+12,8.95024E+12,,,,,,,,
2380,,FOOD & CONDIMENTS:,FOSTER CLARKS STRAWBERRY OIL 28ML,FOSTER CLARKS STRAWBERRY OIL 28ML,0,0,8,1,5.3521E+12,5.3521E+12,,,,,,,,
2381,,FOOD & CONDIMENTS:,FOSTER CLARK PINEAPPLE FLAVOUR 28ML,FOSTER CLARK PINEAPPLE FLAVOUR 28ML,0,0,11,1,5.3521E+12,5.3521E+12,,,,,,,,
2382,,FOOD & CONDIMENTS:,FOSTER CLARKS CHOCOLATE 28ML,FOSTER CLARKS CHOCOLATE 28ML,0,0,6,1,5.3521E+12,5.3521E+12,,,,,,,,
2384,,FOOD & CONDIMENTS:,FOSTER CLARKS VANILLA OIL 28ML,FOSTER CLARKS VANILLA OIL 28ML,0,0,12,1,5.3521E+12,5.3521E+12,,,,,,,,
2385,,FOOD & CONDIMENTS:,FOSTER CLARKS BANANA OIL 28ML,FOSTER CLARKS BANANA OIL 28ML,0,0,5,1,5.3521E+12,5.3521E+12,,,,,,,,
2386,,FOOD & CONDIMENTS:,FOSTER CLARKS CONDENSED MILK 28ML,FOSTER CLARKS CONDENSED MILK 28ML,0,0,10,1,5.3521E+12,5.3521E+12,,,,,,,,
2387,,FOOD & CONDIMENTS:,FOSTER CLARKS RED 28ML,FOSTER CLARKS RED 28ML,0,0,5,1,5.3521E+12,5.3521E+12,,,,,,,,
2395,,FOOD & CONDIMENTS:,RUBY BASMATIC RICE 5KG,RUBY BASMATIC RICE 5KG,0,0,1,1,5.51479E+12,5.51479E+12,,,,,,,,
2398,,FOOD & CONDIMENTS:,MAGGI MASTER SZEF 200G,MAGGI MASTER SZEF 200G,0,0,3,1,5.90009E+12,5.90009E+12,,,,,,,,
24,,VILLAGE MARKET,RED PEPPER (SMALL),RED PEPPER (SMALL),0,0,15,1,19901,19901,,,,,,,,
2409,,FOOD & CONDIMENTS:,TASTY CHICKEN SEASONING POWDER 250G,TASTY CHICKEN SEASONING POWDER 250G,0,0,18,1,6.00146E+12,6.00146E+12,,,,,,,,
2410,,FOOD & CONDIMENTS:,NANDOS PERI -PERI SAUCE HOT 125G,NANDOS PERI -PERI SAUCE HOT 125G,0,0,4,1,6.00377E+12,6.00377E+12,,,,,,,,
2412,,FOOD & CONDIMENTS:,ONGA MAMA'S HELPING HAND! 48 CUBE 192G,ONGA MAMA'S HELPING HAND! 48 CUBE 192G,0,0,29,1,6.00816E+12,6.00816E+12,,,,,,,,
2415,,FOOD & CONDIMENTS:,ONGA STEW SACHET 10G,ONGA STEW SACHET 10G,0,0,91,1,6.00816E+12,6.00816E+12,,,,,,,,
2416,,FOOD & CONDIMENTS:,ONGA CLASSIC 10G,ONGA CLASSIC 10G,0,0,43,1,6.00816E+12,6.00816E+12,,,,,,,,
2420,,FOOD & CONDIMENTS:,NORA JOLLOF SPICE 10G,NORA JOLLOF SPICE 10G,0,0,100,1,6.00952E+12,6.00952E+12,,,,,,,,
2421,,FOOD & CONDIMENTS:,NORA FRIED RICE SPICE 10G,NORA FRIED RICE SPICE 10G,0,0,53,1,6.00952E+12,6.00952E+12,,,,,,,,
2423,,FOOD & CONDIMENTS:,NORA SPICE FOR JOLLOF 100G,NORA SPICE FOR JOLLOF 100G,0,0,2,1,6.00952E+12,6.00952E+12,,,,,,,,
2424,,FOOD & CONDIMENTS:,BENNY POWDERED CHICKEN FLAVOURED STOCK 10G,BENNY POWDERED CHICKEN FLAVOURED STOCK 10G,0,0,51,1,6.00952E+12,6.00952E+12,,,,,,,,
2426,,FOOD & CONDIMENTS:,BENNY POWDERED CHICKEN FLAVOURED STOCK 17G,BENNY POWDERED CHICKEN FLAVOURED STOCK 17G,0,0,36,1,6.00963E+12,6.00963E+12,,,,,,,,
2427,,FOOD & CONDIMENTS:,SUNRIPE SWEET CORN 340G,SUNRIPE SWEET CORN 340G,0,0,3,1,6.00965E+12,6.00965E+12,,,,,,,,
2428,,FOOD & CONDIMENTS:,SUNRIPE GIANT MARROW PEAS 538G,SUNRIPE GIANT MARROW PEAS 538G,0,0,8,1,6.00965E+12,6.00965E+12,,,,,,,,
2429,,FOOD & CONDIMENTS:,SUNRIPE GIANT PEAS 300G,SUNRIPE GIANT PEAS 300G,0,0,20,1,6.00965E+12,6.00965E+12,,,,,,,,
2430,,FOOD & CONDIMENTS:,SUNRIPE BAKED BEANS 420G,SUNRIPE BAKED BEANS 420G,0,0,22,1,6.00965E+12,6.00965E+12,,,,,,,,
2432,,FOOD & CONDIMENTS:,SUNRIPE BAKED BEANS SAUCE 200G,SUNRIPE BAKED BEANS SAUCE 200G,0,0,21,1,6.00965E+12,6.00965E+12,,,,,,,,
2435,,FOOD & CONDIMENTS:,QUAKER OAT FLOUR POUNCH 900G,QUAKER OAT FLOUR POUNCH 900G,0,0,2,1,6.00971E+12,6.00971E+12,,,,,,,,
2468,,FOOD & CONDIMENTS:,TASTY TOM SATCHET TOMATO 55G,TASTY TOM SATCHET TOMATO 55G,0,0,400,1,6.033E+12,6.033E+12,,,,,,,,
2472,,FOOD & CONDIMENTS:,AMEL SUSAN CORN FLOUR 350G,AMEL SUSAN CORN FLOUR 350G,0,0,2,1,6.034E+12,6.034E+12,,,,,,,,
2476,,FOOD & CONDIMENTS:,BLUE BAND SPREAD 75G,BLUE BAND SPREAD 75G,0,0,42,1,6.034E+12,6.034E+12,,,,,,,,
2478,,FOOD & CONDIMENTS:,BLUE BAND SPREAD 450G,BLUE BAND SPREAD 450G,0,0,9,1,6.034E+12,6.034E+12,,,,,,,,
2480,,FOOD & CONDIMENTS:,BLUE BAND SPREAD 900G,BLUE BAND SPREAD 900G,0,0,3,1,6.034E+12,6.034E+12,,,,,,,,
2481,,FOOD & CONDIMENTS:,TROPICAL ISLAND GOLDEN SELLA BASMATIC RICE 5KG,TROPICAL ISLAND GOLDEN SELLA BASMATIC RICE 5KG,0,0,1,1,6.03923E+11,6.03923E+11,,,,,,,,
2482,,FOOD & CONDIMENTS:,HAVANA ACTIVE BAKING POWDER 100G,HAVANA ACTIVE BAKING POWDER 100G,0,0,7,1,6.03964E+11,6.03964E+11,,,,,,,,
2493,,FOOD & CONDIMENTS:,SEGUNFUMI LAFUN CASSAVA FLOUR 1KG,SEGUNFUMI LAFUN CASSAVA FLOUR 1KG,0,0,4,1,6.08056E+12,6.08056E+12,,,,,,,,
2501,,FOOD & CONDIMENTS:,ASABI CHILLI PEPPER POWDER 85G,ASABI CHILLI PEPPER POWDER 85G,0,0,12,1,6.08887E+11,6.08887E+11,,,,,,,,
2505,,FOOD & CONDIMENTS:,ABBEH FOODS & SEASONING GINGER POWDER 160G,ABBEH FOODS & SEASONING GINGER POWDER 160G,0,0,1,1,6.08887E+11,6.08887E+11,,,,,,,,
2506,,FOOD & CONDIMENTS:,ABBEH FOODS & SEASONING TUMERIC POWDER 205G,ABBEH FOODS & SEASONING TUMERIC POWDER 205G,0,0,1,1,6.08887E+11,6.08887E+11,,,,,,,,
2508,,FOOD & CONDIMENTS:,ABBEH FOODS & SEASONING GROUND PEPPER 210G,ABBEH FOODS & SEASONING GROUND PEPPER 210G,0,0,9,1,6.08887E+11,6.08887E+11,,,,,,,,
2509,,FOOD & CONDIMENTS:,ABBEH FOODS & SEASONING BLENDED SUYA PEPPER 280G,ABBEH FOODS & SEASONING BLENDED SUYA PEPPER 280G,0,0,1,1,6.08887E+11,6.08887E+11,,,,,,,,
251,,PROVISIONS,LUCKY CHARMS CEREAL 1.3KG,LUCKY CHARMS CEREAL 1.3KG,0,0,2,1,16000438194,16000438194,,,,,,,,
2519,,FOOD & CONDIMENTS:,COSTA SARDINE 125G,COSTA SARDINE 125G,0,0,20,1,6.11107E+12,6.11107E+12,,,,,,,,
252,,PROVISIONS,MUNRO CUSTARD POWDER 2KG,MUNRO CUSTARD POWDER 2KG,0,0,1,1,19962298240,19962298240,,,,,,,,
2520,,FOOD & CONDIMENTS:,TODAY'S SARDINE IN VEGETABLE 125G,TODAY'S SARDINE IN VEGETABLE 125G,0,0,71,1,6.11107E+12,6.11107E+12,,,,,,,,
2522,,FOOD & CONDIMENTS:,TITUS SARDINES 125G,TITUS SARDINES 125G,0,0,548,1,6.11124E+12,6.11124E+12,,,,,,,,
2523,,FOOD & CONDIMENTS:,BLUE PEARL SARDINE 125G,BLUE PEARL SARDINE 125G,0,0,40,1,6.11124E+12,6.11124E+12,,,,,,,,
2533,,FOOD & CONDIMENTS:,ADOLIA FIELD FARM CRUNCHY GARRI 1KG,ADOLIA FIELD FARM CRUNCHY GARRI 1KG,0,0,2,1,6.14289E+12,6.14289E+12,,,,,,,,
2534,,FOOD & CONDIMENTS:,ADOLIA CRUNCHY GARRI 2KG,ADOLIA CRUNCHY GARRI 2KG,0,0,7,1,6.143E+12,6.143E+12,,,,,,,,
2537,,FOOD & CONDIMENTS:,AYOOLA YAM FLOUR 0.9KG,AYOOLA YAM FLOUR 0.9KG,0,0,19,1,6.1511E+12,6.1511E+12,,,,,,,,
2538,,FOOD & CONDIMENTS:,AYOOLA POUNDO YAM FLOUR 0.9KG,AYOOLA POUNDO YAM FLOUR 0.9KG,0,0,44,1,6.1511E+12,6.1511E+12,,,,,,,,
2539,,FOOD & CONDIMENTS:,AYOOLA POUNDO YAM FLOUR 1.8KG,AYOOLA POUNDO YAM FLOUR 1.8KG,0,0,10,1,6.1511E+12,6.1511E+12,,,,,,,,
254,,PROVISIONS,NESTLE NESQUIK CHOCOLATE POWDER 1.275KG,NESTLE NESQUIK CHOCOLATE POWDER 1.275KG,0,0,1,1,28000708801,28000708801,,,,,,,,
2544,,FOOD & CONDIMENTS:,AYOOLA PLANTAIN FLOUR 0.9KG,AYOOLA PLANTAIN FLOUR 0.9KG,0,0,10,1,6.1511E+12,6.1511E+12,,,,,,,,
2545,,FOOD & CONDIMENTS:,AYOOLA PLANTAIN FLOUR 1.8KG,AYOOLA PLANTAIN FLOUR 1.8KG,0,0,8,1,6.1511E+12,6.1511E+12,,,,,,,,
2546,,FOOD & CONDIMENTS:,AYOOLA CASSAVA FUFU 1KG,AYOOLA CASSAVA FUFU 1KG,0,0,27,1,6.1511E+12,6.1511E+12,,,,,,,,
2549,,FOOD & CONDIMENTS:,AYOOLA POUNDO YAM FLOUR 450G,AYOOLA POUNDO YAM FLOUR 450G,0,0,6,1,6.1511E+12,6.1511E+12,,,,,,,,
2550,,FOOD & CONDIMENTS:,AYOOLA POTATO FLOUR 1KG,AYOOLA POTATO FLOUR 1KG,0,0,10,1,6.1511E+12,6.1511E+12,,,,,,,,
2551,,FOOD & CONDIMENTS:,AYOOLA RICE FLOUR 1.8G,AYOOLA RICE FLOUR 1.8G,0,0,8,1,6.1511E+12,6.1511E+12,,,,,,,,
2552,,FOOD & CONDIMENTS:,AYOOLA RICE FLOUR 0.9KG,AYOOLA RICE FLOUR 0.9KG,0,0,28,1,6.1511E+12,6.1511E+12,,,,,,,,
2553,,FOOD & CONDIMENTS:,MAGGI CHICKEN CUBE 400G,MAGGI CHICKEN CUBE 400G,0,0,11,1,6.1511E+12,6.1511E+12,,,,,,,,
2556,,FOOD & CONDIMENTS:,MAGGI SIGNATURE JOLLOF SEASONING POWDER 8G,MAGGI SIGNATURE JOLLOF SEASONING POWDER 8G,0,0,25,1,6.1511E+12,6.1511E+12,,,,,,,,
2557,,FOOD & CONDIMENTS:,MAGGI CHICKEN SEASONING POWDER 440G,MAGGI CHICKEN SEASONING POWDER 440G,0,0,7,1,6.1511E+12,6.1511E+12,,,,,,,,
2558,,FOOD & CONDIMENTS:,MAGGI SEASONING POWDER BEEF 400G,MAGGI SEASONING POWDER BEEF 400G,0,0,8,1,6.1511E+12,6.1511E+12,,,,,,,,
2563,,FOOD & CONDIMENTS:,MAGGI SIGNATURES JOLLOF SEASONING POWDER 100G,MAGGI SIGNATURES JOLLOF SEASONING POWDER 100G,0,0,7,1,6.1511E+12,6.1511E+12,,,,,,,,
2565,,FOOD & CONDIMENTS:,MAGGI STAR SEASONING 100 CUBES 400G,MAGGI STAR SEASONING 100 CUBES 400G,0,0,2,1,6.1511E+12,6.1511E+12,,,,,,,,
2572,,FOOD & CONDIMENTS:,LION CASHEWS 100G,LION CASHEWS 100G,0,0,2,1,6.1511E+12,6.1511E+12,,,,,,,,
2577,,FOOD & CONDIMENTS:,KNORR CHICKEN SEASONING CUBES 384G,KNORR CHICKEN SEASONING CUBES 384G,0,0,10,1,6.1511E+12,6.1511E+12,,,,,,,,
2579,,FOOD & CONDIMENTS:,DEVON KING'S SPREAD FOR BREAD 450G,DEVON KING'S SPREAD FOR BREAD 450G,0,0,14,1,6.1511E+12,6.1511E+12,,,,,,,,
2580,,FOOD & CONDIMENTS:,DEVON KING'S PURE VEGETABLE OIL 75CL,DEVON KING'S PURE VEGETABLE OIL 75CL,0,0,2,1,6.1511E+12,6.1511E+12,,,,,,,,
2581,,FOOD & CONDIMENTS:,GOLDEN PENNY INSTANT NOODLES CHICKEN 70G,GOLDEN PENNY INSTANT NOODLES CHICKEN 70G,0,0,99,1,6.1511E+12,6.1511E+12,,,,,,,,
2584,,FOOD & CONDIMENTS:,BIG BULL GOLD PARBOILED RICE 10KG,BIG BULL GOLD PARBOILED RICE 10KG,0,0,7,1,6.152E+12,6.152E+12,,,,,,,,
2595,,FOOD & CONDIMENTS:,CHI GOLDEN TERRA SOYA OIL 1.4LTR,CHI GOLDEN TERRA SOYA OIL 1.4LTR,0,0,1,1,6.152E+12,6.152E+12,,,,,,,,
2598,,FOOD & CONDIMENTS:,BIG BULL GOLD PARBOILED RICE 5KG,BIG BULL GOLD PARBOILED RICE 5KG,0,0,3,1,6.152E+12,6.152E+12,,,,,,,,
26,,VILLAGE MARKET,PLASTIC SPOON VILLAGE MARKET,PLASTIC SPOON VILLAGE MARKET,0,0,17,1,21142,21142,,,,,,,,
2601,,FOOD & CONDIMENTS:,TERRA BEEF SEASONING PREMIUM CUBE 320G,TERRA BEEF SEASONING PREMIUM CUBE 320G,0,0,21,1,6.152E+12,6.152E+12,,,,,,,,
2605,,FOOD & CONDIMENTS:,GOLDEN TERRA SOYA OIL 3LTR,GOLDEN TERRA SOYA OIL 3LTR,0,0,7,1,6.152E+12,6.152E+12,,,,,,,,
2606,,FOOD & CONDIMENTS:,GOLDEN TERRA SOYA OIL 5LTR,GOLDEN TERRA SOYA OIL 5LTR,0,0,2,1,6.152E+12,6.152E+12,,,,,,,,
2610,,FOOD & CONDIMENTS:,DANGOTE SALT 250G,DANGOTE SALT 250G,0,0,374,1,6.15211E+12,6.15211E+12,,,,,,,,
2611,,FOOD & CONDIMENTS:,DANGOTE SALT 500G,DANGOTE SALT 500G,0,0,151,1,6.15211E+12,6.15211E+12,,,,,,,,
2612,,FOOD & CONDIMENTS:,DANGOTE SALT 1KG,DANGOTE SALT 1KG,0,0,58,1,6.15211E+12,6.15211E+12,,,,,,,,
2613,,FOOD & CONDIMENTS:,OKOMU BANGA RED PALM OIL 4 LTS,OKOMU BANGA RED PALM OIL 4 LTS,0,0,20,1,6.15211E+12,6.15211E+12,,,,,,,,
2614,,FOOD & CONDIMENTS:,OKOMU BANGA OIL 2LITRES,OKOMU BANGA OIL 2LITRES,0,0,31,1,6.15211E+12,6.15211E+12,,,,,,,,
2615,,FOOD & CONDIMENTS:,LIFEBERGFOODS BEANS FLOUR 1KG,LIFEBERGFOODS BEANS FLOUR 1KG,0,0,9,1,6.15211E+12,6.15211E+12,,,,,,,,
2618,,FOOD & CONDIMENTS:,ROYCO SEASONING CUBES 100CUBES 400G,ROYCO SEASONING CUBES 100CUBES 400G,0,0,3,1,6.154E+12,6.154E+12,,,,,,,,
2621,,FOOD & CONDIMENTS:,MAMADOR SPREAD 450G,MAMADOR SPREAD 450G,0,0,5,1,6.154E+12,6.154E+12,,,,,,,,
2622,,FOOD & CONDIMENTS:,DEVON KING'S COOKING MARGARINE 250G,DEVON KING'S COOKING MARGARINE 250G,0,0,17,1,6.154E+12,6.154E+12,,,,,,,,
2623,,FOOD & CONDIMENTS:,MAMADOR VEGETABLE OIL 3.5L,MAMADOR VEGETABLE OIL 3.5L,0,0,4,1,6.154E+12,6.154E+12,,,,,,,,
2625,,FOOD & CONDIMENTS:,MAMADOR VEGETABLE OIL 1.5LTRS,MAMADOR VEGETABLE OIL 1.5LTRS,0,0,7,1,6.154E+12,6.154E+12,,,,,,,,
2626,,FOOD & CONDIMENTS:,DEVON KING'S OIL 3LTRS,DEVON KING'S OIL 3LTRS,0,0,5,1,6.154E+12,6.154E+12,,,,,,,,
2627,,FOOD & CONDIMENTS:,DEVON KING'S OIL 2LTRS,DEVON KING'S OIL 2LTRS,0,0,14,1,6.154E+12,6.154E+12,,,,,,,,
2629,,FOOD & CONDIMENTS:,DEVON KING'S OIL 5LTRS,DEVON KING'S OIL 5LTRS,0,0,6,1,6.154E+12,6.154E+12,,,,,,,,
2630,,FOOD & CONDIMENTS:,DEVON KING'S OIL 90ML,DEVON KING'S OIL 90ML,0,0,4,1,6.154E+12,6.154E+12,,,,,,,,
2631,,FOOD & CONDIMENTS:,DEVON KING'S OIL 1LT,DEVON KING'S OIL 1LT,0,0,29,1,6.154E+12,6.154E+12,,,,,,,,
2632,,FOOD & CONDIMENTS:,DEVON KING'S OIL POUCH 1000ML,DEVON KING'S OIL POUCH 1000ML,0,0,24,1,6.154E+12,6.154E+12,,,,,,,,
2633,,FOOD & CONDIMENTS:,MAMADOR VEGETABLE OIL 900ML,MAMADOR VEGETABLE OIL 900ML,0,0,12,1,6.154E+12,6.154E+12,,,,,,,,
2634,,FOOD & CONDIMENTS:,MAMADOR PURE VEGETABLE OIL 500ML,MAMADOR PURE VEGETABLE OIL 500ML,0,0,32,1,6.154E+12,6.154E+12,,,,,,,,
2636,,FOOD & CONDIMENTS:,GOLDEN PENNY PURE VEGETABLE OIL 2.75LT,GOLDEN PENNY PURE VEGETABLE OIL 2.75LT,0,0,6,1,6.154E+12,6.154E+12,,,,,,,,
2637,,FOOD & CONDIMENTS:,GOLDEN PENNY PURE VEGETABLE OIL 4LTR,GOLDEN PENNY PURE VEGETABLE OIL 4LTR,0,0,4,1,6.154E+12,6.154E+12,,,,,,,,
2638,,FOOD & CONDIMENTS:,GOLDEN PENNY PURE SOYA OIL 1LTR,GOLDEN PENNY PURE SOYA OIL 1LTR,0,0,5,1,6.154E+12,6.154E+12,,,,,,,,
2639,,FOOD & CONDIMENTS:,GOLDEN PENNY PURE SOYA OIL 2.75LTRS,GOLDEN PENNY PURE SOYA OIL 2.75LTRS,0,0,3,1,6.154E+12,6.154E+12,,,,,,,,
2641,,FOOD & CONDIMENTS:,GOLDEN PENNY PAST TWIST 200G,GOLDEN PENNY PAST TWIST 200G,0,0,7,1,6.154E+12,6.154E+12,,,,,,,,
2642,,FOOD & CONDIMENTS:,GOLDEN PENNY SPREAD 900G,GOLDEN PENNY SPREAD 900G,0,0,2,1,6.154E+12,6.154E+12,,,,,,,,
2644,,FOOD & CONDIMENTS:,TASTY TOM SACHET TOMATO 70G,TASTY TOM SACHET TOMATO 70G,0,0,152,1,6.154E+12,6.154E+12,,,,,,,,
2645,,FOOD & CONDIMENTS:,TASTY TOM PEPPE & ONION SACHET TOMATO 70G,TASTY TOM PEPPE & ONION SACHET TOMATO 70G,0,0,317,1,6.154E+12,6.154E+12,,,,,,,,
2648,,FOOD & CONDIMENTS:,TASTY TOM JOLLOF MIX SACHET 70G,TASTY TOM JOLLOF MIX SACHET 70G,0,0,74,1,6.154E+12,6.154E+12,,,,,,,,
2650,,FOOD & CONDIMENTS:,TASTY TOM 2IN1 SEASONING POWDER BEEF SACHET 11G,TASTY TOM 2IN1 SEASONING POWDER BEEF SACHET 11G,0,0,41,1,6.154E+12,6.154E+12,,,,,,,,
2657,,FOOD & CONDIMENTS:,AUNTIE B PASTA SPAGHETTI 500G,AUNTIE B PASTA SPAGHETTI 500G,0,0,506,1,6.154E+12,6.154E+12,,,,,,,,
2658,,FOOD & CONDIMENTS:,AUNTIE B PASTA SPAGHETTI SLIM 500G,AUNTIE B PASTA SPAGHETTI SLIM 500G,0,0,25,1,6.154E+12,6.154E+12,,,,,,,,
266,,PROVISIONS,SKIPPY PEANUT BUTTER 462G,SKIPPY PEANUT BUTTER 462G,0,0,13,1,37600110723,37600110723,,,,,,,,
2667,,FOOD & CONDIMENTS:,INDOMIE RELISH SEA FOOD DELIGHT 120G,INDOMIE RELISH SEA FOOD DELIGHT 120G,0,0,30,1,6.154E+12,6.154E+12,,,,,,,,
2669,,FOOD & CONDIMENTS:,INDOMIE BELLEFULL CHICKEN NOODLES 280G,INDOMIE BELLEFULL CHICKEN NOODLES 280G,0,0,228,1,6.154E+12,6.154E+12,,,,,,,,
267,,PROVISIONS,SKIPPY PEANUT BUTTER 462G,SKIPPY PEANUT BUTTER 462G,0,0,5,1,37600110754,37600110754,,,,,,,,
2672,,FOOD & CONDIMENTS:,INDOMIE CRAYFISH NOODLES 70G,INDOMIE CRAYFISH NOODLES 70G,0,0,558,1,6.154E+12,6.154E+12,,,,,,,,
2676,,FOOD & CONDIMENTS:,DE RICA TOMATO MIX PASTE POUNCH 210G,DE RICA TOMATO MIX PASTE POUNCH 210G,0,0,33,1,6.154E+12,6.154E+12,,,,,,,,
2677,,FOOD & CONDIMENTS:,DERICA TOMATO POUCH 4OOG,DERICA TOMATO POUCH 4OOG,0,0,17,1,6.154E+12,6.154E+12,,,,,,,,
268,,PROVISIONS,SKIPPY PEANUT BUTTER 1.36KG,SKIPPY PEANUT BUTTER 1.36KG,0,0,2,1,37600223324,37600223324,,,,,,,,
2685,,FOOD & CONDIMENTS:,LAMIS CINNAMON STICK 50G,LAMIS CINNAMON STICK 50G,0,0,14,1,6.154E+12,6.154E+12,,,,,,,,
2686,,FOOD & CONDIMENTS:,FROLIC TOMATO KETCHUP 1KG,FROLIC TOMATO KETCHUP 1KG,0,0,19,1,6.154E+12,6.154E+12,,,,,,,,
2688,,FOOD & CONDIMENTS:,FROLIC MAYONNAISE 470G,FROLIC MAYONNAISE 470G,0,0,3,1,6.154E+12,6.154E+12,,,,,,,,
2689,,FOOD & CONDIMENTS:,FROLIC MAYONNISE 235G,FROLIC MAYONNISE 235G,0,0,31,1,6.154E+12,6.154E+12,,,,,,,,
269,,PROVISIONS,SKIPPY EXTRA CRUNCHY SUPER CHUNK PEANUT BUTTER 1.3,SKIPPY EXTRA CRUNCHY SUPER CHUNK PEANUT BUTTER 1.3,0,0,1,1,37600223348,37600223348,,,,,,,,
2692,,FOOD & CONDIMENTS:,FROLIC BARBECUE SAUCE 410G,FROLIC BARBECUE SAUCE 410G,0,0,22,1,6.154E+12,6.154E+12,,,,,,,,
2694,,FOOD & CONDIMENTS:,FROLIC SALAD CREAM SALAD DRESSING 250G,FROLIC SALAD CREAM SALAD DRESSING 250G,0,0,34,1,6.154E+12,6.154E+12,,,,,,,,
2695,,FOOD & CONDIMENTS:,LAZIZ VEGETABLE OIL 750ML,LAZIZ VEGETABLE OIL 750ML,0,0,17,1,6.154E+12,6.154E+12,,,,,,,,
2698,,FOOD & CONDIMENTS:,LAZIZ PURE VEGETABLE OIL 1.6LTR,LAZIZ PURE VEGETABLE OIL 1.6LTR,0,0,5,1,6.154E+12,6.154E+12,,,,,,,,
2700,,FOOD & CONDIMENTS:,WINNER PURE SOYA OIL 3LTRS,WINNER PURE SOYA OIL 3LTRS,0,0,3,1,6.154E+12,6.154E+12,,,,,,,,
2702,,FOOD & CONDIMENTS:,LAZIZ SALAD CREAM 285G,LAZIZ SALAD CREAM 285G,0,0,45,1,6.154E+12,6.154E+12,,,,,,,,
2704,,FOOD & CONDIMENTS:,LAZIZ TOMATO KETCHUP 500G,LAZIZ TOMATO KETCHUP 500G,0,0,3,1,6.154E+12,6.154E+12,,,,,,,,
2706,,FOOD & CONDIMENTS:,LAZIZ REFINED SOYA OIL PURE VEGETABLE 1.3LT,LAZIZ REFINED SOYA OIL PURE VEGETABLE 1.3LT,0,0,1,1,6.154E+12,6.154E+12,,,,,,,,
2709,,FOOD & CONDIMENTS:,BAKEFIELD AKARA MIX 420G,BAKEFIELD AKARA MIX 420G,0,0,3,1,6.154E+12,6.154E+12,,,,,,,,
2710,,FOOD & CONDIMENTS:,NUTZY PEANUT SPREAD HONEY 227G,NUTZY PEANUT SPREAD HONEY 227G,0,0,11,1,6.154E+12,6.154E+12,,,,,,,,
2716,,FOOD & CONDIMENTS:,KNORR BEEF SEASONING 50CUBE 400G,KNORR BEEF SEASONING 50CUBE 400G,0,0,14,1,6.154E+12,6.154E+12,,,,,,,,
2719,,FOOD & CONDIMENTS:,KNORR CHICKEN SEASONING POWDER 400G,KNORR CHICKEN SEASONING POWDER 400G,0,0,74,1,6.154E+12,6.154E+12,,,,,,,,
2725,,FOOD & CONDIMENTS:,CHIKKI CHICKEN FLAVOUR NOODLE 70G,CHIKKI CHICKEN FLAVOUR NOODLE 70G,0,0,115,1,6.154E+12,6.154E+12,,,,,,,,
2726,,FOOD & CONDIMENTS:,CHIKKI CHICKEN FLAVOUR NOODLES 100G,CHIKKI CHICKEN FLAVOUR NOODLES 100G,0,0,116,1,6.154E+12,6.154E+12,,,,,,,,
2729,,FOOD & CONDIMENTS:,GOLDEN PENNY NOODLES GOAT MEAT PEPPER SOUP 70G,GOLDEN PENNY NOODLES GOAT MEAT PEPPER SOUP 70G,0,0,519,1,6.154E+12,6.154E+12,,,,,,,,
273,,PROVISIONS,PRINGLES PIZZA 158G,PRINGLES PIZZA 158G,0,0,7,1,38000138638,38000138638,,,,,,,,
2730,,FOOD & CONDIMENTS:,CHECKERS CUSTARD 3IN1 PAP JAR 400G,CHECKERS CUSTARD 3IN1 PAP JAR 400G,0,0,2,1,6.154E+12,6.154E+12,,,,,,,,
2731,,FOOD & CONDIMENTS:,CHECKERS CUSTARD 3IN1 PAP POUCH 400G,CHECKERS CUSTARD 3IN1 PAP POUCH 400G,0,0,2,1,6.154E+12,6.154E+12,,,,,,,,
2734,,FOOD & CONDIMENTS:,FROLIC TOMATO KETCHUP 300G,FROLIC TOMATO KETCHUP 300G,0,0,36,1,6.154E+12,6.154E+12,,,,,,,,
274,,PROVISIONS,PRINGLES RANCH 158G,PRINGLES RANCH 158G,0,0,4,1,38000138720,38000138720,,,,,,,,
2743,,FOOD & CONDIMENTS:,ADDME CLASSIC SEASONING SATCHET 16G,ADDME CLASSIC SEASONING SATCHET 16G,0,0,26,1,6.154E+12,6.154E+12,,,,,,,,
2745,,FOOD & CONDIMENTS:,ADDME CHICKEN SEASONING SATCHET 16G,ADDME CHICKEN SEASONING SATCHET 16G,0,0,117,1,6.154E+12,6.154E+12,,,,,,,,
2747,,FOOD & CONDIMENTS:,ADDME SEASONING POWDER CHICKEN FLAVOUR 8G,ADDME SEASONING POWDER CHICKEN FLAVOUR 8G,0,0,214,1,6.154E+12,6.154E+12,,,,,,,,
275,,PROVISIONS,KELLOG'S FROSTED FLAKES MISSION TIGER 1.56KG,KELLOG'S FROSTED FLAKES MISSION TIGER 1.56KG,0,0,1,1,38000146367,38000146367,,,,,,,,
2751,,FOOD & CONDIMENTS:,ADDME SEASONING POWDER BEEF FLAVOUR 8G,ADDME SEASONING POWDER BEEF FLAVOUR 8G,0,0,153,1,6.154E+12,6.154E+12,,,,,,,,
2752,,FOOD & CONDIMENTS:,ADDME SEASONING CUBE CHICKEN FLAVOUR 80G,ADDME SEASONING CUBE CHICKEN FLAVOUR 80G,0,0,35,1,6.154E+12,6.154E+12,,,,,,,,
2753,,FOOD & CONDIMENTS:,ADDME SEASONING CUBE BEEF FLAVOUR 80G,ADDME SEASONING CUBE BEEF FLAVOUR 80G,0,0,23,1,6.154E+12,6.154E+12,,,,,,,,
2755,,FOOD & CONDIMENTS:,ADDME PASTAMATE MIXED DRIED VEGGIES+RED SAUCE MIX,ADDME PASTAMATE MIXED DRIED VEGGIES+RED SAUCE MIX,0,0,10,1,6.154E+12,6.154E+12,,,,,,,,
2757,,FOOD & CONDIMENTS:,WABIM'S OLOYO GARI 1KG,WABIM'S OLOYO GARI 1KG,0,0,11,1,6.15483E+12,6.15483E+12,,,,,,,,
2763,,FOOD & CONDIMENTS:,BAKER'S CHOICE BICARBONATE BAKING SODA 200G,BAKER'S CHOICE BICARBONATE BAKING SODA 200G,0,0,11,1,6.156E+12,6.156E+12,,,,,,,,
2769,,FOOD & CONDIMENTS:,HONEYWELL SEMOLINA 1KG,HONEYWELL SEMOLINA 1KG,0,0,9,1,6.156E+12,6.156E+12,,,,,,,,
2770,,FOOD & CONDIMENTS:,HONEYWELL SEMOLINA 2KG,HONEYWELL SEMOLINA 2KG,0,0,51,1,6.156E+12,6.156E+12,,,,,,,,
2771,,FOOD & CONDIMENTS:,HONEYWELL WHOLE WHEAT MEAL 1KG,HONEYWELL WHOLE WHEAT MEAL 1KG,0,0,17,1,6.156E+12,6.156E+12,,,,,,,,
2772,,FOOD & CONDIMENTS:,HONEYWELL WHOLE WHEAT 2KG,HONEYWELL WHOLE WHEAT 2KG,0,0,7,1,6.156E+12,6.156E+12,,,,,,,,
2774,,FOOD & CONDIMENTS:,HONEYWELL SPAGHETTI 500G,HONEYWELL SPAGHETTI 500G,0,0,13,1,6.156E+12,6.156E+12,,,,,,,,
2775,,FOOD & CONDIMENTS:,HONEYWELL SPAGHETTI SLIM 500G,HONEYWELL SPAGHETTI SLIM 500G,0,0,195,1,6.156E+12,6.156E+12,,,,,,,,
2776,,FOOD & CONDIMENTS:,HONEYWELL MACARONI 500G,HONEYWELL MACARONI 500G,0,0,10,1,6.156E+12,6.156E+12,,,,,,,,
2779,,FOOD & CONDIMENTS:,GOLDEN PENNY SPAGHETTI 500G,GOLDEN PENNY SPAGHETTI 500G,0,0,692,1,6.156E+12,6.156E+12,,,,,,,,
2780,,FOOD & CONDIMENTS:,GOLDEN PENNY SPAGHETTINI 500G,GOLDEN PENNY SPAGHETTINI 500G,0,0,713,1,6.156E+12,6.156E+12,,,,,,,,
2782,,FOOD & CONDIMENTS:,GOLDEN PENNY MACARONI 500G,GOLDEN PENNY MACARONI 500G,0,0,1,1,6.156E+12,6.156E+12,,,,,,,,
2783,,FOOD & CONDIMENTS:,GOLDEN PENNY PASTA TWIST 500G,GOLDEN PENNY PASTA TWIST 500G,0,0,4,1,6.156E+12,6.156E+12,,,,,,,,
2786,,FOOD & CONDIMENTS:,MAMA DOC SELF RAISING FLOUR 650G,MAMA DOC SELF RAISING FLOUR 650G,0,0,12,1,6.156E+12,6.156E+12,,,,,,,,
2789,,FOOD & CONDIMENTS:,MAMA DOC CREPE MIX 300G,MAMA DOC CREPE MIX 300G,0,0,1,1,6.156E+12,6.156E+12,,,,,,,,
2791,,FOOD & CONDIMENTS:,GOLDEN PENNY COUSCOUS 500G,GOLDEN PENNY COUSCOUS 500G,0,0,1,1,6.156E+12,6.156E+12,,,,,,,,
2793,,FOOD & CONDIMENTS:,GOLDEN PENNY SEMOVITA 2KG,GOLDEN PENNY SEMOVITA 2KG,0,0,9,1,6.156E+12,6.156E+12,,,,,,,,
2794,,FOOD & CONDIMENTS:,GOLDEN PENNY SEMOVITA 1KG,GOLDEN PENNY SEMOVITA 1KG,0,0,6,1,6.156E+12,6.156E+12,,,,,,,,
2795,,FOOD & CONDIMENTS:,GOLDEN PENNY SEMOVITA 500G,GOLDEN PENNY SEMOVITA 500G,0,0,40,1,6.156E+12,6.156E+12,,,,,,,,
2796,,FOOD & CONDIMENTS:,AACE FOODS CHILI PEPPER POWDER 60G,AACE FOODS CHILI PEPPER POWDER 60G,0,0,3,1,6.156E+12,6.156E+12,,,,,,,,
28,,VILLAGE MARKET,CABBAGE SMALL,CABBAGE SMALL,0,0,3,1,21404,21404,,,,,,,,
2800,,FOOD & CONDIMENTS:,AACE FOODS PEPPER SOUP SPICE MIX 70G,AACE FOODS PEPPER SOUP SPICE MIX 70G,0,0,4,1,6.156E+12,6.156E+12,,,,,,,,
2807,,FOOD & CONDIMENTS:,AACE FOODS CINNAMON POWDER 60G,AACE FOODS CINNAMON POWDER 60G,0,0,6,1,6.156E+12,6.156E+12,,,,,,,,
2809,,FOOD & CONDIMENTS:,AACE FOODS TURMERIC POWDER 70G,AACE FOODS TURMERIC POWDER 70G,0,0,2,1,6.156E+12,6.156E+12,,,,,,,,
281,,PROVISIONS,KELLOGG'S FROOT LOOPS SWEETENED MULTI GRAIN CEREAL,KELLOGG'S FROOT LOOPS SWEETENED MULTI GRAIN CEREAL,0,0,2,1,38000991608,38000991608,,,,,,,,
2811,,FOOD & CONDIMENTS:,AACE FOODS THYME SPICE 30G,AACE FOODS THYME SPICE 30G,0,0,6,1,6.156E+12,6.156E+12,,,,,,,,
2815,,FOOD & CONDIMENTS:,RELISH BEEF FLAVOUR WITH SOYA CHUNKS 120G,RELISH BEEF FLAVOUR WITH SOYA CHUNKS 120G,0,0,41,1,6.156E+12,6.156E+12,,,,,,,,
2817,,FOOD & CONDIMENTS:,POWER OIL VEGETABLE 75CL,POWER OIL VEGETABLE 75CL,0,0,145,1,6.156E+12,6.156E+12,,,,,,,,
2818,,FOOD & CONDIMENTS:,POWER OIL PURE VEGETABLE OIL 3LTR,POWER OIL PURE VEGETABLE OIL 3LTR,0,0,9,1,6.156E+12,6.156E+12,,,,,,,,
2819,,FOOD & CONDIMENTS:,EMPEROR PURE VEGETABLE OIL 5LTR,EMPEROR PURE VEGETABLE OIL 5LTR,0,0,2,1,6.156E+12,6.156E+12,,,,,,,,
2823,,FOOD & CONDIMENTS:,SPICITY CHICKEN SEASONING 10G,SPICITY CHICKEN SEASONING 10G,0,0,97,1,6.156E+12,6.156E+12,,,,,,,,
2824,,FOOD & CONDIMENTS:,LARSOR BEEF SEASONING 100G,LARSOR BEEF SEASONING 100G,0,0,5,1,6.156E+12,6.156E+12,,,,,,,,
2828,,FOOD & CONDIMENTS:,TIGER GARLIC POWDER 100G,TIGER GARLIC POWDER 100G,0,0,13,1,6.156E+12,6.156E+12,,,,,,,,
2829,,FOOD & CONDIMENTS:,TIGER CURRY GOLD 50G,TIGER CURRY GOLD 50G,0,0,20,1,6.156E+12,6.156E+12,,,,,,,,
2830,,FOOD & CONDIMENTS:,LARSOR FRIED RICE SEASONING 10G,LARSOR FRIED RICE SEASONING 10G,0,0,42,1,6.156E+12,6.156E+12,,,,,,,,
2831,,FOOD & CONDIMENTS:,LARSOR PEPPERSOUP SEASONING SACHET 10G,LARSOR PEPPERSOUP SEASONING SACHET 10G,0,0,85,1,6.156E+12,6.156E+12,,,,,,,,
2832,,FOOD & CONDIMENTS:,EUROMA BAY LEAVES 125G,EUROMA BAY LEAVES 125G,0,0,6,1,6.156E+12,6.156E+12,,,,,,,,
2839,,FOOD & CONDIMENTS:,ERISCO CURRY SEASONING POWDER SACHET 5G,ERISCO CURRY SEASONING POWDER SACHET 5G,0,0,341,1,6.156E+12,6.156E+12,,,,,,,,
2844,,FOOD & CONDIMENTS:,ERISCO TOMATO PASTE SACHET 65G,ERISCO TOMATO PASTE SACHET 65G,0,0,59,1,6.156E+12,6.156E+12,,,,,,,,
2845,,FOOD & CONDIMENTS:,RIC-GIKO TOMATO PASTE SACHET 70G,RIC-GIKO TOMATO PASTE SACHET 70G,0,0,130,1,6.156E+12,6.156E+12,,,,,,,,
2846,,FOOD & CONDIMENTS:,NAGIKO TOMATO MIX SACHET 70G,NAGIKO TOMATO MIX SACHET 70G,0,0,83,1,6.156E+12,6.156E+12,,,,,,,,
2848,,FOOD & CONDIMENTS:,TOMAGOOD TOMATO MIX TIN 210G,TOMAGOOD TOMATO MIX TIN 210G,0,0,6,1,6.156E+12,6.156E+12,,,,,,,,
2851,,FOOD & CONDIMENTS:,INDOMIE CHICKEN NOODLES 100G,INDOMIE CHICKEN NOODLES 100G,0,0,717,1,6.156E+12,6.156E+12,,,,,,,,
2853,,FOOD & CONDIMENTS:,MINIMIE NOODLES PARTY JOLLOF FLAVOR 70G,MINIMIE NOODLES PARTY JOLLOF FLAVOR 70G,0,0,1,1,6.156E+12,6.156E+12,,,,,,,,
2858,,FOOD & CONDIMENTS:,INDOMIE NOODLES CHICKEN PEPPER SOUP FLAVOUR 70G,INDOMIE NOODLES CHICKEN PEPPER SOUP FLAVOUR 70G,0,0,854,1,6.156E+12,6.156E+12,,,,,,,,
2860,,FOOD & CONDIMENTS:,MINIMIE NOODLES SLUPPY CHICKEN 70G,MINIMIE NOODLES SLUPPY CHICKEN 70G,0,0,50,1,6.156E+12,6.156E+12,,,,,,,,
2861,,FOOD & CONDIMENTS:,MINIMIE NOODLES SLUPPY CHICKEN 100G,MINIMIE NOODLES SLUPPY CHICKEN 100G,0,0,31,1,6.156E+12,6.156E+12,,,,,,,,
2862,,FOOD & CONDIMENTS:,MINIMIE SLURPY CHICKEN NOODLES 120G,MINIMIE SLURPY CHICKEN NOODLES 120G,0,0,479,1,6.156E+12,6.156E+12,,,,,,,,
2863,,FOOD & CONDIMENTS:,ERISCO TOMATO MIX WITH ONIO CHICKEN SACHET 70G,ERISCO TOMATO MIX WITH ONIO CHICKEN SACHET 70G,0,0,146,1,6.156E+12,6.156E+12,,,,,,,,
2866,,FOOD & CONDIMENTS:,LAZIZ VEGETABLE OIL 5LTRS,LAZIZ VEGETABLE OIL 5LTRS,0,0,1,1,6.156E+12,6.156E+12,,,,,,,,
2868,,FOOD & CONDIMENTS:,WINNER 100% PURE SOYA OIL 5LT,WINNER 100% PURE SOYA OIL 5LT,0,0,4,1,6.156E+12,6.156E+12,,,,,,,,
2873,,FOOD & CONDIMENTS:,LAZIZ VEGETABLE OIL 3LTRS,LAZIZ VEGETABLE OIL 3LTRS,0,0,4,1,6.156E+12,6.156E+12,,,,,,,,
2877,,FOOD & CONDIMENTS:,INDOMIE CHICKEN HUNGRY MAN SIZE 180G,INDOMIE CHICKEN HUNGRY MAN SIZE 180G,0,0,279,1,6.156E+12,6.156E+12,,,,,,,,
2888,,FOOD & CONDIMENTS:,SPICITY STEW & JOLLOF 10G,SPICITY STEW & JOLLOF 10G,0,0,138,1,6.156E+12,6.156E+12,,,,,,,,
2889,,FOOD & CONDIMENTS:,SPICITY CHICKEN SEASONING POWDER 100G,SPICITY CHICKEN SEASONING POWDER 100G,0,0,6,1,6.156E+12,6.156E+12,,,,,,,,
2890,,FOOD & CONDIMENTS:,SPICITY SEASONING STEW& JOLLOF 100G,SPICITY SEASONING STEW& JOLLOF 100G,0,0,19,1,6.156E+12,6.156E+12,,,,,,,,
2891,,FOOD & CONDIMENTS:,SPICITY FRIED RICE SEASONING 10G,SPICITY FRIED RICE SEASONING 10G,0,0,33,1,6.156E+12,6.156E+12,,,,,,,,
2892,,FOOD & CONDIMENTS:,SPICITY SEASONING POWDER FRIED RICE 100G,SPICITY SEASONING POWDER FRIED RICE 100G,0,0,23,1,6.156E+12,6.156E+12,,,,,,,,
2896,,FOOD & CONDIMENTS:,EUROMA AROMATIC HERB BAY LEAVES 50G,EUROMA AROMATIC HERB BAY LEAVES 50G,0,0,5,1,6.156E+12,6.156E+12,,,,,,,,
290,,PROVISIONS,NESTLE COFEE MATE 1.5KG,NESTLE COFEE MATE 1.5KG,0,0,1,1,50000302116,50000302116,,,,,,,,
2902,,FOOD & CONDIMENTS:,TIWA N TIWA GARRI 3KG,TIWA N TIWA GARRI 3KG,0,0,2,1,6.156E+12,6.156E+12,,,,,,,,
2903,,FOOD & CONDIMENTS:,TIWA 'N' TIWA HONEY BEANS 3.2KG,TIWA 'N' TIWA HONEY BEANS 3.2KG,0,0,11,1,6.156E+12,6.156E+12,,,,,,,,
2904,,FOOD & CONDIMENTS:,TIWA 'N' TIWA WHOLE BROWN BEANS 2.5KG,TIWA 'N' TIWA WHOLE BROWN BEANS 2.5KG,0,0,12,1,6.156E+12,6.156E+12,,,,,,,,
2906,,FOOD & CONDIMENTS:,POWER OIL 1LTR,POWER OIL 1LTR,0,0,1,1,6.156E+12,6.156E+12,,,,,,,,
2908,,FOOD & CONDIMENTS:,POWER OIL SACHET 110ML,POWER OIL SACHET 110ML,0,0,110,1,6.156E+12,6.156E+12,,,,,,,,
2910,,FOOD & CONDIMENTS:,POWER OIL SATCHET 45CL,POWER OIL SATCHET 45CL,0,0,216,1,6.156E+12,6.156E+12,,,,,,,,
2912,,FOOD & CONDIMENTS:,POWER OIL 4.5LTRS,POWER OIL 4.5LTRS,0,0,3,1,6.156E+12,6.156E+12,,,,,,,,
2913,,FOOD & CONDIMENTS:,POWER OIL PURE VEGETABLE OIL 1.4LTR,POWER OIL PURE VEGETABLE OIL 1.4LTR,0,0,97,1,6.156E+12,6.156E+12,,,,,,,,
2914,,FOOD & CONDIMENTS:,POWER OIL 2.6LT,POWER OIL 2.6LT,0,0,3,1,6.156E+12,6.156E+12,,,,,,,,
2917,,FOOD & CONDIMENTS:,PALLY AGRO BANGA PALM FRUIT EXTRACTS 800G,PALLY AGRO BANGA PALM FRUIT EXTRACTS 800G,0,0,4,1,6.156E+12,6.156E+12,,,,,,,,
2918,,FOOD & CONDIMENTS:,PALLY AGRO BANGA OIL EXTRACTS TIN 400G,PALLY AGRO BANGA OIL EXTRACTS TIN 400G,0,0,21,1,6.156E+12,6.156E+12,,,,,,,,
292,,PROVISIONS,NESTLE COFFEE MATE CARAMEL LATTE 425.2G,NESTLE COFFEE MATE CARAMEL LATTE 425.2G,0,0,13,1,50000602360,50000602360,,,,,,,,
2926,,FOOD & CONDIMENTS:,FARMTIME FOOD BEANS FLOUR 500G,FARMTIME FOOD BEANS FLOUR 500G,0,0,4,1,6.156E+12,6.156E+12,,,,,,,,
2927,,FOOD & CONDIMENTS:,FARMTIME FOOD CASSAVA FLOUR 2KG,FARMTIME FOOD CASSAVA FLOUR 2KG,0,0,2,1,6.156E+12,6.156E+12,,,,,,,,
2928,,FOOD & CONDIMENTS:,FARMTIME FOOD PLANTAIN FLOUR 1KG,FARMTIME FOOD PLANTAIN FLOUR 1KG,0,0,5,1,6.156E+12,6.156E+12,,,,,,,,
2929,,FOOD & CONDIMENTS:,DIVA CORN FLOUR 350G,DIVA CORN FLOUR 350G,0,0,11,1,6.156E+12,6.156E+12,,,,,,,,
298,,PROVISIONS,AHMAD TEA PEACH & PASSION FRUIT,AHMAD TEA PEACH & PASSION FRUIT,0,0,6,1,54881006996,54881006996,,,,,,,,
2982,,FOOD & CONDIMENTS:,AMAKEL HONEY BEANS (OLOYIN) 1KG,AMAKEL HONEY BEANS (OLOYIN) 1KG,0,0,7,1,6.156E+12,6.156E+12,,,,,,,,
2983,,FOOD & CONDIMENTS:,AMAKEL HONEY BEANS (OLOYIN) 2KG,AMAKEL HONEY BEANS (OLOYIN) 2KG,0,0,7,1,6.156E+12,6.156E+12,,,,,,,,
2985,,FOOD & CONDIMENTS:,DAMBOLS FOODS GARRI IJEBU 1KG,DAMBOLS FOODS GARRI IJEBU 1KG,0,0,20,1,6.156E+12,6.156E+12,,,,,,,,
2990,,FOOD & CONDIMENTS:,LIFEBERGFOODS UNRIPE PLANTAIN FLOUR 1KG,LIFEBERGFOODS UNRIPE PLANTAIN FLOUR 1KG,0,0,10,1,6.156E+12,6.156E+12,,,,,,,,
2992,,FOOD & CONDIMENTS:,LIFEBERGFOODS DATE COCONUT SNACKS 100G,LIFEBERGFOODS DATE COCONUT SNACKS 100G,0,0,9,1,6.156E+12,6.156E+12,,,,,,,,
300,,PROVISIONS,AHMAD MINT GREEN TEA 40G,AHMAD MINT GREEN TEA 40G,0,0,5,1,54881007511,54881007511,,,,,,,,
3000,,FOOD & CONDIMENTS:,AMAKEL WHITE BEANS 5KG,AMAKEL WHITE BEANS 5KG,0,0,2,1,6.156E+12,6.156E+12,,,,,,,,
3002,,FOOD & CONDIMENTS:,JOES FOODS PALM OIL 1LTR,JOES FOODS PALM OIL 1LTR,0,0,22,1,6.156E+12,6.156E+12,,,,,,,,
3004,,FOOD & CONDIMENTS:,JOES FOODS GARRI IJEBU 2KG,JOES FOODS GARRI IJEBU 2KG,0,0,2,1,6.156E+12,6.156E+12,,,,,,,,
3006,,FOOD & CONDIMENTS:,ITANNA FOODS BEANS FLOUR 1KG,ITANNA FOODS BEANS FLOUR 1KG,0,0,16,1,6.156E+12,6.156E+12,,,,,,,,
3007,,FOOD & CONDIMENTS:,ITANNA FOODS UNRIPE PLANTAIN FLOUR 1KG,ITANNA FOODS UNRIPE PLANTAIN FLOUR 1KG,0,0,6,1,6.156E+12,6.156E+12,,,,,,,,
3008,,FOOD & CONDIMENTS:,JOES FOODS GARRI 1KG,JOES FOODS GARRI 1KG,0,0,7,1,6.156E+12,6.156E+12,,,,,,,,
3010,,FOOD & CONDIMENTS:,NAMO FOODS RED CHILLI PEPPER 100G,NAMO FOODS RED CHILLI PEPPER 100G,0,0,10,1,6.156E+12,6.156E+12,,,,,,,,
3011,,FOOD & CONDIMENTS:,NAMO FOODS GARLIC POWDER 100G,NAMO FOODS GARLIC POWDER 100G,0,0,5,1,6.156E+12,6.156E+12,,,,,,,,
3012,,FOOD & CONDIMENTS:,TEERIES FOOD YAM FLOUR (ELUBO) 2KG,TEERIES FOOD YAM FLOUR (ELUBO) 2KG,0,0,3,1,6.156E+12,6.156E+12,,,,,,,,
3018,,FOOD & CONDIMENTS:,LATYF WHITE VINEGAR 750ML,LATYF WHITE VINEGAR 750ML,0,0,8,1,6.16454E+11,6.16454E+11,,,,,,,,
3019,,FOOD & CONDIMENTS:,LATYF CORN FLOUR 300G,LATYF CORN FLOUR 300G,0,0,4,1,6.16454E+11,6.16454E+11,,,,,,,,
3020,,FOOD & CONDIMENTS:,LATYF WHITE VINEGAR 350ML,LATYF WHITE VINEGAR 350ML,0,0,36,1,6.16454E+11,6.16454E+11,,,,,,,,
3022,,FOOD & CONDIMENTS:,MR CHEF SALT 250G,MR CHEF SALT 250G,0,0,295,1,6.1802E+12,6.1802E+12,,,,,,,,
3023,,FOOD & CONDIMENTS:,MR CHEF SALT 500G,MR CHEF SALT 500G,0,0,88,1,6.1802E+12,6.1802E+12,,,,,,,,
3024,,FOOD & CONDIMENTS:,MR CHEF SALT 1KG,MR CHEF SALT 1KG,0,0,107,1,6.1802E+12,6.1802E+12,,,,,,,,
303,,PROVISIONS,RAFAM PLANTAIN CHIPS 300G,RAFAM PLANTAIN CHIPS 300G,0,0,3,1,6.63993E+11,6.63993E+11,,,,,,,,
3031,,FOOD & CONDIMENTS:,NINI SPICY BANGA SPICES 100G,NINI SPICY BANGA SPICES 100G,0,0,10,1,6.19989E+11,6.19989E+11,,,,,,,,
3032,,FOOD & CONDIMENTS:,NINI SPICY RED PEPPER SPICES 100G,NINI SPICY RED PEPPER SPICES 100G,0,0,3,1,6.19989E+12,6.19989E+12,,,,,,,,
304,,PROVISIONS,TWININGS PURE CAMOMILE 30G,TWININGS PURE CAMOMILE 30G,0,0,6,1,70177067762,70177067762,,,,,,,,
3044,,FOOD & CONDIMENTS:,AACE FOODS CURRY POWDER 80G,AACE FOODS CURRY POWDER 80G,0,0,1,1,6.256E+12,6.256E+12,,,,,,,,
305,,PROVISIONS,TWININGS PURE PEPPERMINT 40G,TWININGS PURE PEPPERMINT 40G,0,0,4,1,70177067779,70177067779,,,,,,,,
3050,,FOOD & CONDIMENTS:,HEINZ BEANZ 200G,HEINZ BEANZ 200G,0,0,50,1,6.29009E+12,6.29009E+12,,,,,,,,
3051,,FOOD & CONDIMENTS:,ALFA TOMATO KETCHUP SQUEEZY 305ML,ALFA TOMATO KETCHUP SQUEEZY 305ML,0,0,27,1,6.291E+12,6.291E+12,,,,,,,,
3053,,FOOD & CONDIMENTS:,FALCON CLING FILM 450MM BY 1500G,FALCON CLING FILM 450MM BY 1500G,0,0,5,1,6.29106E+12,6.29106E+12,,,,,,,,
3056,,FOOD & CONDIMENTS:,BAYARA SEA SALT 86G,BAYARA SEA SALT 86G,0,0,4,1,6.29111E+12,6.29111E+12,,,,,,,,
3057,,FOOD & CONDIMENTS:,BAYARA ONION POWDER 155G,BAYARA ONION POWDER 155G,0,0,4,1,6.29111E+12,6.29111E+12,,,,,,,,
3058,,FOOD & CONDIMENTS:,BAYARA CAJUN SEASONG 40G,BAYARA CAJUN SEASONG 40G,0,0,3,1,6.29111E+12,6.29111E+12,,,,,,,,
306,,PROVISIONS,TWININGS LEMON & GINGER TEA 30G,TWININGS LEMON & GINGER TEA 30G,0,0,4,1,70177075101,70177075101,,,,,,,,
3060,,FOOD & CONDIMENTS:,BAYARA SMOKED PAPRIKA 40G,BAYARA SMOKED PAPRIKA 40G,0,0,7,1,6.29111E+12,6.29111E+12,,,,,,,,
3061,,FOOD & CONDIMENTS:,BAYARA SEA SALT 155G,BAYARA SEA SALT 155G,0,0,12,1,6.29111E+12,6.29111E+12,,,,,,,,
3064,,FOOD & CONDIMENTS:,SUPER CHEF HOT SAUCE 88ML,SUPER CHEF HOT SAUCE 88ML,0,0,1,1,6.294E+12,6.294E+12,,,,,,,,
3067,,FOOD & CONDIMENTS:,BAYARA CURRY POWDER 155G,BAYARA CURRY POWDER 155G,0,0,24,1,6.29515E+12,6.29515E+12,,,,,,,,
3069,,FOOD & CONDIMENTS:,"SAYA PINEAPPLE SLICE TRANCHE D""ANANAS 565G","SAYA PINEAPPLE SLICE TRANCHE D""ANANAS 565G",0,0,1,1,6.29804E+12,6.29804E+12,,,,,,,,
3070,,FOOD & CONDIMENTS:,GOLD VALLEY TOMATO KETCHUP 340G,GOLD VALLEY TOMATO KETCHUP 340G,0,0,8,1,6.29876E+12,6.29876E+12,,,,,,,,
3072,,FOOD & CONDIMENTS:,FOWA FOODS SUNFLOWER SEEDS 250G,FOWA FOODS SUNFLOWER SEEDS 250G,0,0,6,1,6.30607E+11,6.30607E+11,,,,,,,,
3073,,FOOD & CONDIMENTS:,FOWA FOODS PUMPKIN SEEDS 250G,FOWA FOODS PUMPKIN SEEDS 250G,0,0,11,1,6.30607E+11,6.30607E+11,,,,,,,,
3074,,FOOD & CONDIMENTS:,FOWA FOODS WHITE SEAME SEEDS 250G,FOWA FOODS WHITE SEAME SEEDS 250G,0,0,6,1,6.30607E+11,6.30607E+11,,,,,,,,
3078,,FOOD & CONDIMENTS:,FALLY WHITE VINEGAR 750ML,FALLY WHITE VINEGAR 750ML,0,0,12,1,6.32459E+12,6.32459E+12,,,,,,,,
3096,,FOOD & CONDIMENTS:,ELKRIS SUPER OAT 1.3KG,ELKRIS SUPER OAT 1.3KG,0,0,6,1,6.47972E+11,6.47972E+11,,,,,,,,
310,,PROVISIONS,TWININGS STRAWBERRY & RASPBERRY 40G,TWININGS STRAWBERRY & RASPBERRY 40G,0,0,3,1,70177093402,70177093402,,,,,,,,
3100,,FOOD & CONDIMENTS:,KING'S FAVOURITE HONEY 175ML,KING'S FAVOURITE HONEY 175ML,0,0,40,1,6.50535E+12,6.50535E+12,,,,,,,,
3102,,FOOD & CONDIMENTS:,OLA OLA POUNDO YAM FLOUR 1KG,OLA OLA POUNDO YAM FLOUR 1KG,0,0,4,1,6.50655E+11,6.50655E+11,,,,,,,,
3103,,FOOD & CONDIMENTS:,OLA-OLA POUNDED YAM FLOUR 2.267KG,OLA-OLA POUNDED YAM FLOUR 2.267KG,0,0,22,1,6.50655E+11,6.50655E+11,,,,,,,,
3104,,FOOD & CONDIMENTS:,GREENGAGE EGG BY 6,GREENGAGE EGG BY 6,0,0,10,1,6.51234E+12,6.51234E+12,,,,,,,,
3109,,FOOD & CONDIMENTS:,FARMCRAFT EGGS BY 12PCS,FARMCRAFT EGGS BY 12PCS,0,0,3,1,6.51989E+11,6.51989E+11,,,,,,,,
311,,PROVISIONS,TWININGS CRANBERRY & RASPBERRY 40G,TWININGS CRANBERRY & RASPBERRY 40G,0,0,7,1,70177098940,70177098940,,,,,,,,
3110,,FOOD & CONDIMENTS:,FARMCRAFT EGGS BY 6PCS,FARMCRAFT EGGS BY 6PCS,0,0,28,1,6.51989E+11,6.51989E+11,,,,,,,,
3111,,FOOD & CONDIMENTS:,FARMCRAFT EGGS BY 30PCS,FARMCRAFT EGGS BY 30PCS,0,0,2,1,6.51989E+11,6.51989E+11,,,,,,,,
3112,,FOOD & CONDIMENTS:,FARMCRAFT EGGS BY 15PCS,FARMCRAFT EGGS BY 15PCS,0,0,1,1,6.51989E+11,6.51989E+11,,,,,,,,
3113,,FOOD & CONDIMENTS:,AMAKEL WHITE BEANS 1KG,AMAKEL WHITE BEANS 1KG,0,0,10,1,65213452,65213452,,,,,,,,
3115,,FOOD & CONDIMENTS:,WELL'S 100% EXTRA VIRGIN OLIVE OIL 100ML,WELL'S 100% EXTRA VIRGIN OLIVE OIL 100ML,0,0,12,1,6.5215E+12,6.5215E+12,,,,,,,,
312,,PROVISIONS,TWININGS CAMOMILE & HONEY TEA 30G,TWININGS CAMOMILE & HONEY TEA 30G,0,0,1,1,70177115227,70177115227,,,,,,,,
3131,,FOOD & CONDIMENTS:,FARMCRAFT EGGS BY 24PCS,FARMCRAFT EGGS BY 24PCS,0,0,19,1,6.55881E+11,6.55881E+11,,,,,,,,
314,,PROVISIONS,TWININGS PURE FENNEL TEA 40G,TWININGS PURE FENNEL TEA 40G,0,0,6,1,70177154318,70177154318,,,,,,,,
3145,,FOOD & CONDIMENTS:,DROYA EXTRA VIRGIN OLIVE OIL 250ML,DROYA EXTRA VIRGIN OLIVE OIL 250ML,0,0,6,1,6.69568E+11,6.69568E+11,,,,,,,,
3146,,FOOD & CONDIMENTS:,POPULAR FOOD COLOURING MIXED FLAVOUR 28ML,POPULAR FOOD COLOURING MIXED FLAVOUR 28ML,0,0,14,1,6.69581E+12,6.69581E+12,,,,,,,,
3156,,FOOD & CONDIMENTS:,MUNRO CORN FLOUR 350G,MUNRO CORN FLOUR 350G,0,0,7,1,6.89076E+12,6.89076E+12,,,,,,,,
3157,,FOOD & CONDIMENTS:,NAMO PALM OIL 1LTR,NAMO PALM OIL 1LTR,0,0,12,1,6.90003E+12,6.90003E+12,,,,,,,,
3160,,FOOD & CONDIMENTS:,STK ROYAL ACTIVE BAKING POWDER 100G,STK ROYAL ACTIVE BAKING POWDER 100G,0,0,13,1,6.90022E+12,6.90022E+12,,,,,,,,
3164,,FOOD & CONDIMENTS:,TASTY CUBES CHICKEN FLAVOUR 400G,TASTY CUBES CHICKEN FLAVOUR 400G,0,0,16,1,6.90138E+12,6.90138E+12,,,,,,,,
3165,,FOOD & CONDIMENTS:,TASTY CHICKEN SEASONING POWDER 400G,TASTY CHICKEN SEASONING POWDER 400G,0,0,14,1,6.90138E+12,6.90138E+12,,,,,,,,
3166,,FOOD & CONDIMENTS:,TASTY CHICKEN FLAVOUR 80CUBES 320G,TASTY CHICKEN FLAVOUR 80CUBES 320G,0,0,12,1,6.90138E+12,6.90138E+12,,,,,,,,
3167,,FOOD & CONDIMENTS:,INDIAN GATE BASMATIC RICE FEAST ROZZANA 1KG,INDIAN GATE BASMATIC RICE FEAST ROZZANA 1KG,0,0,8,1,6.90225E+11,6.90225E+11,,,,,,,,
3192,,FOOD & CONDIMENTS:,AMQY PREMIUM OYSTER SAUCE 710G,AMQY PREMIUM OYSTER SAUCE 710G,0,0,25,1,6.92581E+12,6.92581E+12,,,,,,,,
3194,,FOOD & CONDIMENTS:,ST LUCKY FAMILY BLENDED SESAME OIL 150ML,ST LUCKY FAMILY BLENDED SESAME OIL 150ML,0,0,5,1,6.92655E+12,6.92655E+12,,,,,,,,
3201,,FOOD & CONDIMENTS:,MR ALEX BLENDED SESAME OIL 150ML,MR ALEX BLENDED SESAME OIL 150ML,0,0,11,1,6.92655E+12,6.92655E+12,,,,,,,,
3207,,FOOD & CONDIMENTS:,ESTUS SARDINE 125G,ESTUS SARDINE 125G,0,0,14,1,6.92834E+12,6.92834E+12,,,,,,,,
3208,,FOOD & CONDIMENTS:,ESTUS MACKEREL 155G,ESTUS MACKEREL 155G,0,0,73,1,6.92834E+12,6.92834E+12,,,,,,,,
3214,,FOOD & CONDIMENTS:,REAL SWEET CHILLI SAUCE 700G,REAL SWEET CHILLI SAUCE 700G,0,0,10,1,6.93275E+12,6.93275E+12,,,,,,,,
3216,,FOOD & CONDIMENTS:,REAL TERIYAKI SAUCE 500ML,REAL TERIYAKI SAUCE 500ML,0,0,2,1,6.93275E+12,6.93275E+12,,,,,,,,
3218,,FOOD & CONDIMENTS:,VIN REAL WORCETERSHIRE SAUCE 500ML,VIN REAL WORCETERSHIRE SAUCE 500ML,0,0,2,1,6.93275E+12,6.93275E+12,,,,,,,,
3225,,FOOD & CONDIMENTS:,MEGA SARDINES IN VEGETABLE OIL 125G,MEGA SARDINES IN VEGETABLE OIL 125G,0,0,42,1,6.93401E+12,6.93401E+12,,,,,,,,
3226,,FOOD & CONDIMENTS:,ST RITA TIN TOMATO PASTE 210G,ST RITA TIN TOMATO PASTE 210G,0,0,26,1,6.93401E+12,6.93401E+12,,,,,,,,
3240,,FOOD & CONDIMENTS:,ALL DAY MAQUEREAU IN TOMATO SAUCE 155G,ALL DAY MAQUEREAU IN TOMATO SAUCE 155G,0,0,12,1,6.93569E+12,6.93569E+12,,,,,,,,
3241,,FOOD & CONDIMENTS:,RICH PEARL RED KIDNEY BEANS 400G,RICH PEARL RED KIDNEY BEANS 400G,0,0,19,1,6.9357E+12,6.9357E+12,,,,,,,,
3246,,FOOD & CONDIMENTS:,VIN REAL BABY CORN CAN 425G,VIN REAL BABY CORN CAN 425G,0,0,7,1,6.9358E+12,6.9358E+12,,,,,,,,
3251,,FOOD & CONDIMENTS:,PRINCE SARDINES IN VEGETABLE 125G,PRINCE SARDINES IN VEGETABLE 125G,0,0,30,1,6.9359E+12,6.9359E+12,,,,,,,,
3255,,FOOD & CONDIMENTS:,BAKERS GRACE CAKE SPRINKLES,BAKERS GRACE CAKE SPRINKLES,0,0,12,1,6.93698E+12,6.93698E+12,,,,,,,,
3256,,FOOD & CONDIMENTS:,MARC JOSEPH RED KIDNEY BEANS 400G,MARC JOSEPH RED KIDNEY BEANS 400G,0,0,3,1,6.93885E+12,6.93885E+12,,,,,,,,
3258,,FOOD & CONDIMENTS:,SUNRIPE POWDERED CHICKEN STOCK 17G,SUNRIPE POWDERED CHICKEN STOCK 17G,0,0,227,1,6.93993E+12,6.93993E+12,,,,,,,,
3271,,FOOD & CONDIMENTS:,ALLDAY PRAWN CRACKERS 227G,ALLDAY PRAWN CRACKERS 227G,0,0,35,1,6.94559E+12,6.94559E+12,,,,,,,,
3273,,FOOD & CONDIMENTS:,SARAH SARDINES 125G,SARAH SARDINES 125G,0,0,13,1,6.94605E+12,6.94605E+12,,,,,,,,
3274,,FOOD & CONDIMENTS:,PEARLY RIVER BRIDGE EGGNOODLE 200G,PEARLY RIVER BRIDGE EGGNOODLE 200G,0,0,5,1,6.94759E+12,6.94759E+12,,,,,,,,
328,,PROVISIONS,TWININGS NIGHTLY CALM FLAVOURED HERBAL 20 TEA BAGS,TWININGS NIGHTLY CALM FLAVOURED HERBAL 20 TEA BAGS,0,0,1,1,70177183462,70177183462,,,,,,,,
3280,,FOOD & CONDIMENTS:,STK ROYAL DRY YEAST 125G,STK ROYAL DRY YEAST 125G,0,0,1,1,6.94881E+12,6.94881E+12,,,,,,,,
3281,,FOOD & CONDIMENTS:,STK ROYAL DRY YEAST 500G,STK ROYAL DRY YEAST 500G,0,0,20,1,6.94881E+12,6.94881E+12,,,,,,,,
3284,,FOOD & CONDIMENTS:,OCEAN PLUS DRIED MIXED FRUIT 500G,OCEAN PLUS DRIED MIXED FRUIT 500G,0,0,1,1,6.95321E+12,6.95321E+12,,,,,,,,
3285,,FOOD & CONDIMENTS:,AMOI BALSAMIC VINEGAR 500ML,AMOI BALSAMIC VINEGAR 500ML,0,0,1,1,6.95502E+12,6.95502E+12,,,,,,,,
3290,,FOOD & CONDIMENTS:,ASABI CHICKEN SEASONING SPICE 110G,ASABI CHICKEN SEASONING SPICE 110G,0,0,11,1,6.96014E+12,6.96014E+12,,,,,,,,
3299,,FOOD & CONDIMENTS:,VERMICELLE RICE STICK 400G,VERMICELLE RICE STICK 400G,0,0,1,1,6.9704E+12,6.9704E+12,,,,,,,,
3306,,FOOD & CONDIMENTS:,SUNRIPE CHICKEN SAUSAGES ORIGINAL CHICKEN HOTDOGS,SUNRIPE CHICKEN SAUSAGES ORIGINAL CHICKEN HOTDOGS,0,0,6,1,6.97133E+12,6.97133E+12,,,,,,,,
3311,,FOOD & CONDIMENTS:,IMMACULATE SARDINE 125G,IMMACULATE SARDINE 125G,0,0,45,1,6.9725E+12,6.9725E+12,,,,,,,,
3313,,FOOD & CONDIMENTS:,MALIANGE MARROW FAT PROCESSED PEAS538G,MALIANGE MARROW FAT PROCESSED PEAS538G,0,0,17,1,6.9725E+12,6.9725E+12,,,,,,,,
3314,,FOOD & CONDIMENTS:,MALIANGE MARROW FAT PROCESSED PEAS 300G,MALIANGE MARROW FAT PROCESSED PEAS 300G,0,0,15,1,6.9725E+12,6.9725E+12,,,,,,,,
3315,,FOOD & CONDIMENTS:,DE'MANNA SARDINES 125G,DE'MANNA SARDINES 125G,0,0,42,1,6.9725E+12,6.9725E+12,,,,,,,,
3320,,FOOD & CONDIMENTS:,GREAT GIANT SWEET CORN 340G,GREAT GIANT SWEET CORN 340G,0,0,118,1,6.97268E+12,6.97268E+12,,,,,,,,
3321,,FOOD & CONDIMENTS:,SARAH TOMATO PASTE 210G,SARAH TOMATO PASTE 210G,0,0,2,1,6.97297E+12,6.97297E+12,,,,,,,,
3335,,FOOD & CONDIMENTS:,SONIA PEPPER & ONION PASTE 70G SACHET,SONIA PEPPER & ONION PASTE 70G SACHET,0,0,68,1,7.05633E+11,7.05633E+11,,,,,,,,
3337,,FOOD & CONDIMENTS:,AMAKEL WHITE BEANS 2KG,AMAKEL WHITE BEANS 2KG,0,0,3,1,7.12202E+12,7.12202E+12,,,,,,,,
3343,,FOOD & CONDIMENTS:,MR CHEF JOLLOF SPAGHETTI SEASONING 10G,MR CHEF JOLLOF SPAGHETTI SEASONING 10G,0,0,3,1,7.14085E+11,7.14085E+11,,,,,,,,
3346,,FOOD & CONDIMENTS:,MR CHEF SEASONING GINGER ONION GARLIC 10G,MR CHEF SEASONING GINGER ONION GARLIC 10G,0,0,42,1,7.14085E+11,7.14085E+11,,,,,,,,
3349,,FOOD & CONDIMENTS:,MR CHEFSEASONING TOMATO MIX POWDER 22G,MR CHEFSEASONING TOMATO MIX POWDER 22G,0,0,7,1,7.14085E+11,7.14085E+11,,,,,,,,
3350,,FOOD & CONDIMENTS:,"LABA POUNDO YAM FLOUR ""IYAN"" POUNCH 800G","LABA POUNDO YAM FLOUR ""IYAN"" POUNCH 800G",0,0,12,1,7.156E+11,7.156E+11,,,,,,,,
3351,,FOOD & CONDIMENTS:,AMERICAN GARDEN APPLE CIDER VINEGAR 500ML,AMERICAN GARDEN APPLE CIDER VINEGAR 500ML,0,0,2,1,7.17274E+11,7.17274E+11,,,,,,,,
3352,,FOOD & CONDIMENTS:,GRADIOS PAP -WHITE 500G,GRADIOS PAP -WHITE 500G,0,0,25,1,7.18118E+11,7.18118E+11,,,,,,,,
3353,,FOOD & CONDIMENTS:,GRADIOS PAP- YELLOW 500G,GRADIOS PAP- YELLOW 500G,0,0,28,1,7.18118E+11,7.18118E+11,,,,,,,,
3358,,FOOD & CONDIMENTS:,TRU CASSAVA FLOUR (FUFU) 1KG,TRU CASSAVA FLOUR (FUFU) 1KG,0,0,3,1,7.26311E+12,7.26311E+12,,,,,,,,
3359,,FOOD & CONDIMENTS:,HAFTENY FOODS SWEET BEANS (EWA OLOYIN) 3.5KG,HAFTENY FOODS SWEET BEANS (EWA OLOYIN) 3.5KG,0,0,5,1,7.26529E+11,7.26529E+11,,,,,,,,
3361,,FOOD & CONDIMENTS:,SUPER CHEF CHICKEN LUNCHEON MEAT 320G,SUPER CHEF CHICKEN LUNCHEON MEAT 320G,0,0,9,1,7.31882E+11,7.31882E+11,,,,,,,,
3362,,FOOD & CONDIMENTS:,KING'S FAVOURITE HONEY 750ML,KING'S FAVOURITE HONEY 750ML,0,0,8,1,7.31947E+11,7.31947E+11,,,,,,,,
3363,,FOOD & CONDIMENTS:,KING'S FAVOURITE HONEY 350ML,KING'S FAVOURITE HONEY 350ML,0,0,39,1,7.31947E+11,7.31947E+11,,,,,,,,
3364,,FOOD & CONDIMENTS:,AMA WONDA THYME LEAVES 100G,AMA WONDA THYME LEAVES 100G,0,0,11,1,7.31947E+11,7.31947E+11,,,,,,,,
3367,,FOOD & CONDIMENTS:,BOW SOYABEAN OIL 2LITRE,BOW SOYABEAN OIL 2LITRE,0,0,7,1,7.33448E+12,7.33448E+12,,,,,,,,
3368,,FOOD & CONDIMENTS:,BOW PURE SOYA OIL 3LTR,BOW PURE SOYA OIL 3LTR,0,0,1,1,7.33448E+11,7.33448E+11,,,,,,,,
3374,,FOOD & CONDIMENTS:,DOLLYS BBQ SAUCE,DOLLYS BBQ SAUCE,0,0,12,1,7.44171E+11,7.44171E+11,,,,,,,,
3375,,FOOD & CONDIMENTS:,DOLLYS IODIZED TABLE SALT 750G,DOLLYS IODIZED TABLE SALT 750G,0,0,12,1,7.44171E+11,7.44171E+11,,,,,,,,
3377,,FOOD & CONDIMENTS:,SONIA TOMATO MIX SACHET 70G,SONIA TOMATO MIX SACHET 70G,0,0,32,1,7.45115E+11,7.45115E+11,,,,,,,,
3378,,FOOD & CONDIMENTS:,SONIA TOMATO MIX TIN 210G,SONIA TOMATO MIX TIN 210G,0,0,45,1,7.45115E+11,7.45115E+11,,,,,,,,
3379,,FOOD & CONDIMENTS:,SONIA TIN TOMATO PASTE TIN 400G,SONIA TIN TOMATO PASTE TIN 400G,0,0,12,1,7.45115E+11,7.45115E+11,,,,,,,,
3380,,FOOD & CONDIMENTS:,SUNOLA SOYA OIL 2.7LTRS,SUNOLA SOYA OIL 2.7LTRS,0,0,4,1,7.45115E+11,7.45115E+11,,,,,,,,
3381,,FOOD & CONDIMENTS:,SUNOLA SOYA OIL 4.5LTRS,SUNOLA SOYA OIL 4.5LTRS,0,0,1,1,7.45115E+11,7.45115E+11,,,,,,,,
3386,,FOOD & CONDIMENTS:,AMERICAN GOURMET BBQ SAUCE HONEY 510G,AMERICAN GOURMET BBQ SAUCE HONEY 510G,0,0,3,1,7.50258E+11,7.50258E+11,,,,,,,,
3387,,FOOD & CONDIMENTS:,AMERICAN GOURMET YELLOW MUSTARD 396G,AMERICAN GOURMET YELLOW MUSTARD 396G,0,0,2,1,7.50258E+11,7.50258E+11,,,,,,,,
3388,,FOOD & CONDIMENTS:,AMERICAN GOURMET MAYONNAISE REGULAR 500ML,AMERICAN GOURMET MAYONNAISE REGULAR 500ML,0,0,1,1,7.50258E+11,7.50258E+11,,,,,,,,
3389,,FOOD & CONDIMENTS:,BOW SOYABEAN OIL 1LITRE,BOW SOYABEAN OIL 1LITRE,0,0,11,1,7.55563E+11,7.55563E+11,,,,,,,,
3393,,FOOD & CONDIMENTS:,ARGO 100% PURE CORN STARCH JAR 454G,ARGO 100% PURE CORN STARCH JAR 454G,0,0,3,1,7.6172E+11,7.6172E+11,,,,,,,,
3401,,FOOD & CONDIMENTS:,EBAMCY HOT RED PEPPER 200G,EBAMCY HOT RED PEPPER 200G,0,0,13,1,7.84497E+12,7.84497E+12,,,,,,,,
3405,,FOOD & CONDIMENTS:,FUNTUNA EGG BY 24,FUNTUNA EGG BY 24,0,0,2,1,7.8525E+11,7.8525E+11,,,,,,,,
3407,,FOOD & CONDIMENTS:,SONIA CHILLI PEPPE (HOT PEPPE) POWDER SACHET 5G,SONIA CHILLI PEPPE (HOT PEPPE) POWDER SACHET 5G,0,0,28,1,7.86412E+11,7.86412E+11,,,,,,,,
3408,,FOOD & CONDIMENTS:,SONIA TOMATO MIX POUNCH 1.1KG,SONIA TOMATO MIX POUNCH 1.1KG,0,0,16,1,7.86412E+11,7.86412E+11,,,,,,,,
3411,,FOOD & CONDIMENTS:,PERDIX CORNED BEEF 340G,PERDIX CORNED BEEF 340G,0,0,5,1,7.89152E+12,7.89152E+12,,,,,,,,
3414,,FOOD & CONDIMENTS:,EXETER CORNED BEEF 300G,EXETER CORNED BEEF 300G,0,0,34,1,7.89957E+12,7.89957E+12,,,,,,,,
3418,,FOOD & CONDIMENTS:,AMEL SUSAN CORN FLOUR 300G,AMEL SUSAN CORN FLOUR 300G,0,0,12,1,7.9777E+12,7.9777E+12,,,,,,,,
3439,,FOOD & CONDIMENTS:,MAMA GOLD SEMOLINA 1KG,MAMA GOLD SEMOLINA 1KG,0,0,47,1,8.03288E+12,8.03288E+12,,,,,,,,
3442,,FOOD & CONDIMENTS:,ETI DRIED OYSTER MUSHROOM 50G,ETI DRIED OYSTER MUSHROOM 50G,0,0,11,1,8.05627E+11,8.05627E+11,,,,,,,,
3443,,FOOD & CONDIMENTS:,BARILLA SPECIALITA TAGLIATELLE 500G,BARILLA SPECIALITA TAGLIATELLE 500G,0,0,6,1,8.0768E+12,8.0768E+12,,,,,,,,
3445,,FOOD & CONDIMENTS:,BARILLA SPAGHETTI 500G,BARILLA SPAGHETTI 500G,0,0,30,1,8.0768E+12,8.0768E+12,,,,,,,,
3454,,FOOD & CONDIMENTS:,TASTY CHICKEN CUBE 108G,TASTY CHICKEN CUBE 108G,0,0,24,1,8.11476E+12,8.11476E+12,,,,,,,,
3466,,FOOD & CONDIMENTS:,WELL'S 100% EXTRA VIRGIN OLIVE OIL 250ML,WELL'S 100% EXTRA VIRGIN OLIVE OIL 250ML,0,0,4,1,8.41027E+12,8.41027E+12,,,,,,,,
3470,,FOOD & CONDIMENTS:,GINO TOMATO MIX SACHET 70G,GINO TOMATO MIX SACHET 70G,0,0,193,1,8.4103E+12,8.4103E+12,,,,,,,,
3471,,FOOD & CONDIMENTS:,GINO PEPPER & ONION SACHET 65G,GINO PEPPER & ONION SACHET 65G,0,0,83,1,8.4103E+12,8.4103E+12,,,,,,,,
3479,,FOOD & CONDIMENTS:,GINO CURRY POWDER 3.5G,GINO CURRY POWDER 3.5G,0,0,218,1,8.4103E+12,8.4103E+12,,,,,,,,
3481,,FOOD & CONDIMENTS:,GINO MAX CHICKEN FLAVOUR 64G,GINO MAX CHICKEN FLAVOUR 64G,0,0,1,1,8.4103E+12,8.4103E+12,,,,,,,,
3483,,FOOD & CONDIMENTS:,BAMA MAYONNAISE 385ML,BAMA MAYONNAISE 385ML,0,0,21,1,8.4103E+12,8.4103E+12,,,,,,,,
3486,,FOOD & CONDIMENTS:,GINO PEPPERED CHICKEN FLAVOURED TOMATO MIX 65G,GINO PEPPERED CHICKEN FLAVOURED TOMATO MIX 65G,0,0,101,1,8.4103E+12,8.4103E+12,,,,,,,,
3487,,FOOD & CONDIMENTS:,JAGO LIGHT MAYONNAISE 887ML,JAGO LIGHT MAYONNAISE 887ML,0,0,20,1,8.4103E+12,8.4103E+12,,,,,,,,
3489,,FOOD & CONDIMENTS:,BAMA MAYONNAISE 236ML,BAMA MAYONNAISE 236ML,0,0,36,1,8.4103E+12,8.4103E+12,,,,,,,,
3490,,FOOD & CONDIMENTS:,GINO DRIED THYME SACHET 3G,GINO DRIED THYME SACHET 3G,0,0,21,1,8.4103E+12,8.4103E+12,,,,,,,,
3491,,FOOD & CONDIMENTS:,BE FREE EXTRA VIRGIN OLIVE OIL 90ML,BE FREE EXTRA VIRGIN OLIVE OIL 90ML,0,0,6,1,8.43069E+12,8.43069E+12,,,,,,,,
3492,,FOOD & CONDIMENTS:,BE FREE EXTRA VIRGIN OLIVE OIL 88G,BE FREE EXTRA VIRGIN OLIVE OIL 88G,0,0,5,1,8.43069E+12,8.43069E+12,,,,,,,,
3502,,FOOD & CONDIMENTS:,ALPINE PACIFIC NUT CO. CALIFORNIA'S FINEST SHELLED,ALPINE PACIFIC NUT CO. CALIFORNIA'S FINEST SHELLED,0,0,6,1,8.50045E+11,8.50045E+11,,,,,,,,
3511,,FOOD & CONDIMENTS:,JULIZEN JOLLOF FRIED & STEW 100G,JULIZEN JOLLOF FRIED & STEW 100G,0,0,13,1,8.68058E+12,8.68058E+12,,,,,,,,
3517,,FOOD & CONDIMENTS:,SAYFOODS EGGS BY 24PCS,SAYFOODS EGGS BY 24PCS,0,0,12,1,8.6901E+12,8.6901E+12,,,,,,,,
3518,,FOOD & CONDIMENTS:,SAYFOODS EGGS BY 12PCS,SAYFOODS EGGS BY 12PCS,0,0,20,1,8.6901E+12,8.6901E+12,,,,,,,,
3519,,FOOD & CONDIMENTS:,SAYFOODS EGGS BY 30PCS,SAYFOODS EGGS BY 30PCS,0,0,16,1,8.6901E+12,8.6901E+12,,,,,,,,
3520,,FOOD & CONDIMENTS:,SAYFOODS EGGS BY 6PCS,SAYFOODS EGGS BY 6PCS,0,0,40,1,8.6901E+12,8.6901E+12,,,,,,,,
3522,,FOOD & CONDIMENTS:,ANKARA MAKARNASI BAMYA KLASIKY 500G,ANKARA MAKARNASI BAMYA KLASIKY 500G,0,0,2,1,8.69058E+12,8.69058E+12,,,,,,,,
3525,,FOOD & CONDIMENTS:,VERONELLI BURGU FUSILLI 11 DAKIKA 500G,VERONELLI BURGU FUSILLI 11 DAKIKA 500G,0,0,8,1,8.69058E+12,8.69058E+12,,,,,,,,
353,,PROVISIONS,BIGELOW GREEN TEA CLASSIC DECAFFEINATED 20 TEA BAG,BIGELOW GREEN TEA CLASSIC DECAFFEINATED 20 TEA BAG,0,0,1,1,72310042476,72310042476,,,,,,,,
3539,,FOOD & CONDIMENTS:,SELVA JNCE CHUBUK SPAGHETTI 500G,SELVA JNCE CHUBUK SPAGHETTI 500G,0,0,2,1,8.69089E+12,8.69089E+12,,,,,,,,
3542,,FOOD & CONDIMENTS:,PASTA MARIA SPAGHETTI 500G,PASTA MARIA SPAGHETTI 500G,0,0,14,1,8.69131E+12,8.69131E+12,,,,,,,,
3553,,FOOD & CONDIMENTS:,SANTA SOPHIA ELBOW MACRONI 400G,SANTA SOPHIA ELBOW MACRONI 400G,0,0,4,1,8.69748E+12,8.69748E+12,,,,,,,,
3564,,FOOD & CONDIMENTS:,REMIA MARGARINE 450G,REMIA MARGARINE 450G,0,0,7,1,8.71045E+12,8.71045E+12,,,,,,,,
3581,,FOOD & CONDIMENTS:,ENAMDO POUNDO POTATO FLAKES 1KG,ENAMDO POUNDO POTATO FLAKES 1KG,0,0,18,1,8.71157E+12,8.71157E+12,,,,,,,,
3587,,FOOD & CONDIMENTS:,ZWAN CHICKEN LUNCHEON MEAT 200G,ZWAN CHICKEN LUNCHEON MEAT 200G,0,0,11,1,8.71456E+12,8.71456E+12,,,,,,,,
3588,,FOOD & CONDIMENTS:,ZWAN CHICKEN LUNCHEON MEAT 340G,ZWAN CHICKEN LUNCHEON MEAT 340G,0,0,11,1,8.71456E+12,8.71456E+12,,,,,,,,
359,,PROVISIONS,BRAGG APPLE CIDER VINEGAR 473ML,BRAGG APPLE CIDER VINEGAR 473ML,0,0,5,1,74305001161,74305001161,,,,,,,,
3593,,FOOD & CONDIMENTS:,HEINZ SANDWICH SPREAD 450G,HEINZ SANDWICH SPREAD 450G,0,0,1,1,8.7157E+12,8.7157E+12,,,,,,,,
3597,,FOOD & CONDIMENTS:,FOLA FOODS YAM FLOUR (ELUBO) 1KG,FOLA FOODS YAM FLOUR (ELUBO) 1KG,0,0,5,1,8.71842E+12,8.71842E+12,,,,,,,,
3604,,FOOD & CONDIMENTS:,KITCHEN GLORY CHICKEN SEASONING POWDER 10G,KITCHEN GLORY CHICKEN SEASONING POWDER 10G,0,0,12,1,8.80416E+12,8.80416E+12,,,,,,,,
3606,,FOOD & CONDIMENTS:,KITCHEN GLORY CHICKEN FLOVOUR 100G,KITCHEN GLORY CHICKEN FLOVOUR 100G,0,0,10,1,8.80416E+12,8.80416E+12,,,,,,,,
3607,,FOOD & CONDIMENTS:,GOODHEALTH HOT PEPPE POWDER 5G,GOODHEALTH HOT PEPPE POWDER 5G,0,0,325,1,8.80551E+12,8.80551E+12,,,,,,,,
3608,,FOOD & CONDIMENTS:,SUNRIPE WHOLE SWEETCORN 185G,SUNRIPE WHOLE SWEETCORN 185G,0,0,23,1,8.85002E+12,8.85002E+12,,,,,,,,
361,,PROVISIONS,GREAT VALUE ORIGINAL COFFEE CREAMER 1.7KG,GREAT VALUE ORIGINAL COFFEE CREAMER 1.7KG,0,0,3,1,78742158105,78742158105,,,,,,,,
3615,,FOOD & CONDIMENTS:,BLUE PEARL COCONUT MILK 400ML,BLUE PEARL COCONUT MILK 400ML,0,0,2,1,8.85267E+12,8.85267E+12,,,,,,,,
3616,,FOOD & CONDIMENTS:,GEISHA MACKEREL 425G,GEISHA MACKEREL 425G,0,0,19,1,8.85271E+12,8.85271E+12,,,,,,,,
3617,,FOOD & CONDIMENTS:,GEISHA MACKEREL 155G,GEISHA MACKEREL 155G,0,0,46,1,8.85271E+12,8.85271E+12,,,,,,,,
3627,,FOOD & CONDIMENTS:,DOUBLE KING COCONUT MILK 400ML,DOUBLE KING COCONUT MILK 400ML,0,0,28,1,8.85875E+12,8.85875E+12,,,,,,,,
3631,,FOOD & CONDIMENTS:,DE RICA TIN TOMATO 400G,DE RICA TIN TOMATO 400G,0,0,18,1,8.885E+12,8.885E+12,,,,,,,,
3634,,FOOD & CONDIMENTS:,DE RICA TOMATO PASTE SACHET 65G,DE RICA TOMATO PASTE SACHET 65G,0,0,305,1,8.885E+12,8.885E+12,,,,,,,,
3635,,FOOD & CONDIMENTS:,KARA COCONUT CREAM POWDER 50G,KARA COCONUT CREAM POWDER 50G,0,0,12,1,8.8863E+12,8.8863E+12,,,,,,,,
3637,,FOOD & CONDIMENTS:,TURKEY BRAND PURE VEGETABLE COOKING OIL 3LTRE,TURKEY BRAND PURE VEGETABLE COOKING OIL 3LTRE,0,0,3,1,8.88817E+12,8.88817E+12,,,,,,,,
3641,,FOOD & CONDIMENTS:,LAL QILLA BASMATI RICE 5KG,LAL QILLA BASMATI RICE 5KG,0,0,6,1,8.90116E+12,8.90116E+12,,,,,,,,
3646,,FOOD & CONDIMENTS:,LAL QILLA BASMATI RICE(DIABETES&OBESITY) 1KG,LAL QILLA BASMATI RICE(DIABETES&OBESITY) 1KG,0,0,11,1,8.90116E+12,8.90116E+12,,,,,,,,
3648,,FOOD & CONDIMENTS:,TIGER NUTMEG POWDER 10G,TIGER NUTMEG POWDER 10G,0,0,297,1,8.90181E+12,8.90181E+12,,,,,,,,
3652,,FOOD & CONDIMENTS:,TIGER CURRY 500G,TIGER CURRY 500G,0,0,5,1,8.90181E+12,8.90181E+12,,,,,,,,
3655,,FOOD & CONDIMENTS:,VEGETA SHALLOT RED ONION DEHYDRATED VEGETABLES 100,VEGETA SHALLOT RED ONION DEHYDRATED VEGETABLES 100,0,0,3,1,8.90181E+12,8.90181E+12,,,,,,,,
3660,,FOOD & CONDIMENTS:,LARSOR CHICKEN SEASONING 100G,LARSOR CHICKEN SEASONING 100G,0,0,6,1,8.90181E+12,8.90181E+12,,,,,,,,
3662,,FOOD & CONDIMENTS:,LARSOR TOMATO SEASONING 100G,LARSOR TOMATO SEASONING 100G,0,0,9,1,8.90181E+12,8.90181E+12,,,,,,,,
3665,,FOOD & CONDIMENTS:,LARSOR FISH SEASONING 10G,LARSOR FISH SEASONING 10G,0,0,5,1,8.90181E+12,8.90181E+12,,,,,,,,
3667,,FOOD & CONDIMENTS:,VEGETA ONION/SHALLOT DEHYDRATED VEGETABLES 250G,VEGETA ONION/SHALLOT DEHYDRATED VEGETABLES 250G,0,0,3,1,8.90181E+12,8.90181E+12,,,,,,,,
3669,,FOOD & CONDIMENTS:,LARSOR FRIED RICE SEASONING 100G,LARSOR FRIED RICE SEASONING 100G,0,0,2,1,8.90181E+12,8.90181E+12,,,,,,,,
367,,PROVISIONS,TONEE NATURAL CASHEW/SPICE NUT 500G,TONEE NATURAL CASHEW/SPICE NUT 500G,0,0,6,1,12001704,12001704,,,,,,,,
3678,,FOOD & CONDIMENTS:,MAHARANI BASMATIC RICE 1KG,MAHARANI BASMATIC RICE 1KG,0,0,12,1,8.906E+12,8.906E+12,,,,,,,,
3679,,FOOD & CONDIMENTS:,MAHARANI PARBOILED BASMATI RICE 5KG,MAHARANI PARBOILED BASMATI RICE 5KG,0,0,3,1,8.906E+12,8.906E+12,,,,,,,,
368,,PROVISIONS,TONEE NATURAL CASHEW /SPICE NUT 250G,TONEE NATURAL CASHEW /SPICE NUT 250G,0,0,12,1,13002107,13002107,,,,,,,,
3683,,FOOD & CONDIMENTS:,GOLDEN GRAIN ROZANA BASMATI RICE 5KG,GOLDEN GRAIN ROZANA BASMATI RICE 5KG,0,0,1,1,8.906E+12,8.906E+12,,,,,,,,
3685,,FOOD & CONDIMENTS:,LA-TASTE AEROPLANE BASMATI RICE 5KG,LA-TASTE AEROPLANE BASMATI RICE 5KG,0,0,4,1,8.906E+12,8.906E+12,,,,,,,,
3688,,FOOD & CONDIMENTS:,AEROPLANE BASMATI RICE 1KG,AEROPLANE BASMATI RICE 1KG,0,0,17,1,8.906E+12,8.906E+12,,,,,,,,
3689,,FOOD & CONDIMENTS:,FORTUNE VITAMIN E REFINED SUNFLOWER OIL 5LTR,FORTUNE VITAMIN E REFINED SUNFLOWER OIL 5LTR,0,0,4,1,8.90601E+12,8.90601E+12,,,,,,,,
3690,,FOOD & CONDIMENTS:,ST LUCKY FAMILY THAI SWEET CHILLI SAUCE 710G,ST LUCKY FAMILY THAI SWEET CHILLI SAUCE 710G,0,0,5,1,8.90601E+12,8.90601E+12,,,,,,,,
3693,,FOOD & CONDIMENTS:,BLUE PEARL JAM MIXED FRUIT 450G,BLUE PEARL JAM MIXED FRUIT 450G,0,0,7,1,8.90602E+12,8.90602E+12,,,,,,,,
3695,,FOOD & CONDIMENTS:,AMULYA SUGAR FREE CRACKERS 160G,AMULYA SUGAR FREE CRACKERS 160G,0,0,1,1,8.90607E+12,8.90607E+12,,,,,,,,
3696,,FOOD & CONDIMENTS:,RICE +++ FOR DIABETICS 5KG,RICE +++ FOR DIABETICS 5KG,0,0,1,1,8.90611E+12,8.90611E+12,,,,,,,,
3700,,FOOD & CONDIMENTS:,ARAOKO GARI IJEBU 1KG,ARAOKO GARI IJEBU 1KG,0,0,28,1,8.945E+12,8.945E+12,,,,,,,,
3701,,FOOD & CONDIMENTS:,ARAOKO GARI IJEBU 3KG,ARAOKO GARI IJEBU 3KG,0,0,15,1,8.945E+12,8.945E+12,,,,,,,,
3703,,FOOD & CONDIMENTS:,SIMAS COOKING MARGARINE 250G,SIMAS COOKING MARGARINE 250G,0,0,48,1,8.99263E+12,8.99263E+12,,,,,,,,
3707,,FOOD & CONDIMENTS:,SUPA SARDINE IN VEGETABLE 125G,SUPA SARDINE IN VEGETABLE 125G,0,0,48,1,8.99701E+12,8.99701E+12,,,,,,,,
371,,PROVISIONS,CHECKERS CUSTARD 4 IN 1 CHOCOLATE FLAVOUR 40G,CHECKERS CUSTARD 4 IN 1 CHOCOLATE FLAVOUR 40G,0,0,70,1,1.80201E+11,1.80201E+11,,,,,,,,
3712,,CONFECTIONARIES & BAKING,NOVITA BROWN SUGAR 450G,NOVITA BROWN SUGAR 450G,0,0,11,1,555855889,555855889,,,,,,,,
3715,,CONFECTIONARIES & BAKING,NOVITA BROWN SUGAR NATURAL ORGANIC CUBES 500G,NOVITA BROWN SUGAR NATURAL ORGANIC CUBES 500G,0,0,9,1,8588588880,8588588880,,,,,,,,
372,,PROVISIONS,CHECKERS CUSTARD 4 IN 1 CHOCOLATE FLAVOUR 400G,CHECKERS CUSTARD 4 IN 1 CHOCOLATE FLAVOUR 400G,0,0,21,1,1.80201E+11,1.80201E+11,,,,,,,,
3735,,CONFECTIONARIES & BAKING,CHEEZ IT BAKED SNACK CRACKERS ORIGINAL 42G,CHEEZ IT BAKED SNACK CRACKERS ORIGINAL 42G,0,0,16,1,24100122615,24100122615,,,,,,,,
3739,,CONFECTIONARIES & BAKING,M&M'S MINIS CHOCOLATE CANDIES COOKIES 45G,M&M'S MINIS CHOCOLATE CANDIES COOKIES 45G,0,0,2,1,27800072723,27800072723,,,,,,,,
374,,PROVISIONS,MUNRO CUSTARD POWDER 350G,MUNRO CUSTARD POWDER 350G,0,0,3,1,1.99623E+11,1.99623E+11,,,,,,,,
3740,,CONFECTIONARIES & BAKING,NESQUICK STRAWBERRY FLAVOUR 1.19K,NESQUICK STRAWBERRY FLAVOUR 1.19K,0,0,1,1,28000193379,28000193379,,,,,,,,
3741,,CONFECTIONARIES & BAKING,LAYS BARBECUE FLAVOURED 28.3G,LAYS BARBECUE FLAVOURED 28.3G,0,0,1,1,28400008617,28400008617,,,,,,,,
3743,,CONFECTIONARIES & BAKING,CHEETOS CRUNCHY 28.3G,CHEETOS CRUNCHY 28.3G,0,0,20,1,28400040112,28400040112,,,,,,,,
3746,,CONFECTIONARIES & BAKING,RUFFLES ORIGINAL POTATO CHIP 28.3G,RUFFLES ORIGINAL POTATO CHIP 28.3G,0,0,2,1,28400090148,28400090148,,,,,,,,
3748,,CONFECTIONARIES & BAKING,FUNYUNS ONION FLAVORED RINGS 21.2G,FUNYUNS ONION FLAVORED RINGS 21.2G,0,0,48,1,28400090841,28400090841,,,,,,,,
3751,,CONFECTIONARIES & BAKING,DORITOS COOL RANCH 28.3G,DORITOS COOL RANCH 28.3G,0,0,37,1,28400091510,28400091510,,,,,,,,
3753,,CONFECTIONARIES & BAKING,DORITOS FLAMIN HOT TOTILLA CHIPS 28.3G,DORITOS FLAMIN HOT TOTILLA CHIPS 28.3G,0,0,19,1,28400218641,28400218641,,,,,,,,
3755,,CONFECTIONARIES & BAKING,KNOTTS BERRY FARM RAPSBERRY SHORT BREAD 57G,KNOTTS BERRY FARM RAPSBERRY SHORT BREAD 57G,0,0,39,1,31535591480,31535591480,,,,,,,,
3756,,CONFECTIONARIES & BAKING,ARM & HAMMER BAKING SODA 454G,ARM & HAMMER BAKING SODA 454G,0,0,1,1,33200011101,33200011101,,,,,,,,
3759,,CONFECTIONARIES & BAKING,WELCH'S MIXED FRUIT SNACK 22.7G,WELCH'S MIXED FRUIT SNACK 22.7G,0,0,200,1,34856008187,34856008187,,,,,,,,
3765,,CONFECTIONARIES & BAKING,PRINGLES SALT & VINEGAR 158G,PRINGLES SALT & VINEGAR 158G,0,0,2,1,38000138607,38000138607,,,,,,,,
3768,,CONFECTIONARIES & BAKING,PRINGLES ORIGINAL CUP 19G,PRINGLES ORIGINAL CUP 19G,0,0,15,1,3808306,3808306,,,,,,,,
3769,,CONFECTIONARIES & BAKING,PRINGLES SOUR CREAM & ONION 21G,PRINGLES SOUR CREAM & ONION 21G,0,0,5,1,3808403,3808403,,,,,,,,
377,,PROVISIONS,CROWNFIELD CORN FLAKES 500G,CROWNFIELD CORN FLAKES 500G,0,0,3,1,20159917,20159917,,,,,,,,
3772,,CONFECTIONARIES & BAKING,PRINGLES CHEDDAR CHEESE 21G,PRINGLES CHEDDAR CHEESE 21G,0,0,15,1,3808500,3808500,,,,,,,,
3773,,CONFECTIONARIES & BAKING,WALKERS CRUNCHY GOLDEN OAT BISCUIT 25G,WALKERS CRUNCHY GOLDEN OAT BISCUIT 25G,0,0,31,1,39047050013,39047050013,,,,,,,,
3775,,CONFECTIONARIES & BAKING,WALKERS WARMINGSTEM GINGER BISCUIT 25G,WALKERS WARMINGSTEM GINGER BISCUIT 25G,0,0,32,1,39047050044,39047050044,,,,,,,,
3777,,CONFECTIONARIES & BAKING,OREO MINI CHOOLATE SANDWICH COOKIES 42G,OREO MINI CHOOLATE SANDWICH COOKIES 42G,0,0,37,1,44000011703,44000011703,,,,,,,,
3778,,CONFECTIONARIES & BAKING,NABISCO MINI NILLA WAFERS 28G,NABISCO MINI NILLA WAFERS 28G,0,0,8,1,44000013813,44000013813,,,,,,,,
3780,,CONFECTIONARIES & BAKING,NABISCO'S NUTTER BUTTER COOKIES 28G,NABISCO'S NUTTER BUTTER COOKIES 28G,0,0,12,1,44000020187,44000020187,,,,,,,,
3781,,CONFECTIONARIES & BAKING,NABISCO RITZ BITS CHEESE 28G,NABISCO RITZ BITS CHEESE 28G,0,0,2,1,44000020255,44000020255,,,,,,,,
3784,,CONFECTIONARIES & BAKING,OREO MINI SANDWICH COOKIES 42G,OREO MINI SANDWICH COOKIES 42G,0,0,17,1,44000061494,44000061494,,,,,,,,
3786,,CONFECTIONARIES & BAKING,MERBA BROWNIE COOKIES 200G,MERBA BROWNIE COOKIES 200G,0,0,19,1,46214230208,46214230208,,,,,,,,
3787,,CONFECTIONARIES & BAKING,MERBA CHOCOLATE COOKIES 200G,MERBA CHOCOLATE COOKIES 200G,0,0,13,1,46214731774,46214731774,,,,,,,,
3789,,CONFECTIONARIES & BAKING,NESTLE COFEE MATE,NESTLE COFEE MATE,0,0,2,1,50000207084,50000207084,,,,,,,,
3793,,CONFECTIONARIES & BAKING,ARIELLA PLANTAIN CHIPS SACHET,ARIELLA PLANTAIN CHIPS SACHET,0,0,4,1,6.42782E+11,6.42782E+11,,,,,,,,
3796,,CONFECTIONARIES & BAKING,TWININGS JASMINE ALL NATURAL INGREDIENT TEA 50G,TWININGS JASMINE ALL NATURAL INGREDIENT TEA 50G,0,0,8,1,70177103071,70177103071,,,,,,,,
3799,,CONFECTIONARIES & BAKING,MARYLAND WHITE CHOC CHUNKIES 144G,MARYLAND WHITE CHOC CHUNKIES 144G,0,0,3,1,72417167911,72417167911,,,,,,,,
38,,VILLAGE MARKET,YAM,YAM,0,0,20,1,36651,36651,,,,,,,,
3800,,CONFECTIONARIES & BAKING,MARYLAND MILK & DARK CHUNKIES 144G,MARYLAND MILK & DARK CHUNKIES 144G,0,0,15,1,72417167935,72417167935,,,,,,,,
3801,,CONFECTIONARIES & BAKING,MARYLAND CHOC CHIP&HAZELNUT COOKIES 136G,MARYLAND CHOC CHIP&HAZELNUT COOKIES 136G,0,0,7,1,72417180651,72417180651,,,,,,,,
3802,,CONFECTIONARIES & BAKING,MARYLAND CHOC CHIP&COCONUT COOKIES 136G,MARYLAND CHOC CHIP&COCONUT COOKIES 136G,0,0,40,1,72417180668,72417180668,,,,,,,,
3805,,CONFECTIONARIES & BAKING,MARYLAND DOUBLE CHOC COOKIES 136G,MARYLAND DOUBLE CHOC COOKIES 136G,0,0,21,1,72417180682,72417180682,,,,,,,,
3808,,CONFECTIONARIES & BAKING,BRONTE FRUIT SHORTCAKE BISCUITS 30G,BRONTE FRUIT SHORTCAKE BISCUITS 30G,0,0,19,1,72417833878,72417833878,,,,,,,,
3809,,CONFECTIONARIES & BAKING,BRONTE VIENNESE WHIRL BISCUITS 30G,BRONTE VIENNESE WHIRL BISCUITS 30G,0,0,35,1,72417833892,72417833892,,,,,,,,
3810,,CONFECTIONARIES & BAKING,BRONTE GINGER CRUNCH BISCUITS 30G,BRONTE GINGER CRUNCH BISCUITS 30G,0,0,20,1,72417833908,72417833908,,,,,,,,
3811,,CONFECTIONARIES & BAKING,BRONTE LEMON FLAVOUR SHORTCAKE BISCUITS 30G,BRONTE LEMON FLAVOUR SHORTCAKE BISCUITS 30G,0,0,19,1,72417833984,72417833984,,,,,,,,
3812,,CONFECTIONARIES & BAKING,BRONTE CHOCOLATE CHIP COOKIE 30G,BRONTE CHOCOLATE CHIP COOKIE 30G,0,0,20,1,72417834158,72417834158,,,,,,,,
3819,,CONFECTIONARIES & BAKING,FAMOS AMOS CHOCOLATE CHIPS 56G,FAMOS AMOS CHOCOLATE CHIPS 56G,0,0,160,1,76677100145,76677100145,,,,,,,,
3823,,CONFECTIONARIES & BAKING,NADIS CASHEW NUTS BOTTLE 420G,NADIS CASHEW NUTS BOTTLE 420G,0,0,11,1,94922890436,94922890436,,,,,,,,
3826,,CONFECTIONARIES & BAKING,PLACHENS CHIN CHIN POUNCH (MEDIUM),PLACHENS CHIN CHIN POUNCH (MEDIUM),0,0,16,1,1.22388E+12,1.22388E+12,,,,,,,,
3828,,CONFECTIONARIES & BAKING,ARIELLA PLANTAIN CHIPS JAR RIPE/UNRIPE BIG,ARIELLA PLANTAIN CHIPS JAR RIPE/UNRIPE BIG,0,0,17,1,1.432E+12,1.432E+12,,,,,,,,
383,,PROVISIONS,CROWNFIELD TROPICAL GRANOLA 1KG,CROWNFIELD TROPICAL GRANOLA 1KG,0,0,2,1,20719319,20719319,,,,,,,,
3830,,CONFECTIONARIES & BAKING,CAMPVILLE QUICK OATS 100% WHITE OATS 1.5KG,CAMPVILLE QUICK OATS 100% WHITE OATS 1.5KG,0,0,4,1,1.93459E+11,1.93459E+11,,,,,,,,
3831,,CONFECTIONARIES & BAKING,MEMBER'S MARK MINI CHOCOLATE CHIP COOKIES 28G,MEMBER'S MARK MINI CHOCOLATE CHIP COOKIES 28G,0,0,21,1,1.93968E+11,1.93968E+11,,,,,,,,
3832,,CONFECTIONARIES & BAKING,ALPHABET SHORTBREAD COOKIES 28G,ALPHABET SHORTBREAD COOKIES 28G,0,0,16,1,1.93968E+11,1.93968E+11,,,,,,,,
3833,,CONFECTIONARIES & BAKING,TOWER GATE RICH TEA 300G,TOWER GATE RICH TEA 300G,0,0,13,1,20018986,20018986,,,,,,,,
3838,,CONFECTIONARIES & BAKING,IDEALTASTY BAKES PEANUT BURGER 270G,IDEALTASTY BAKES PEANUT BURGER 270G,0,0,2,1,2.03199E+11,2.03199E+11,,,,,,,,
384,,PROVISIONS,CROWNFIELD RAISIN & ALMOND GRANOLA 1KG,CROWNFIELD RAISIN & ALMOND GRANOLA 1KG,0,0,6,1,20719326,20719326,,,,,,,,
3844,,CONFECTIONARIES & BAKING,PHINA NATURAL CASHEW NUT 500G,PHINA NATURAL CASHEW NUT 500G,0,0,10,1,2.14627E+11,2.14627E+11,,,,,,,,
3845,,CONFECTIONARIES & BAKING,PHINA NATURAL GROUNDNUTS 750G,PHINA NATURAL GROUNDNUTS 750G,0,0,9,1,2.14627E+12,2.14627E+12,,,,,,,,
3846,,CONFECTIONARIES & BAKING,PCEAMY CHIN-CHI BIG JAR 650G,PCEAMY CHIN-CHI BIG JAR 650G,0,0,1,1,2.21112E+12,2.21112E+12,,,,,,,,
3848,,CONFECTIONARIES & BAKING,DEWLONSE PLANTAIN CHIPS 500G,DEWLONSE PLANTAIN CHIPS 500G,0,0,23,1,2.34115E+12,2.34115E+12,,,,,,,,
3860,,CONFECTIONARIES & BAKING,BAYARA BLACK PEPPER POWDER 45G,BAYARA BLACK PEPPER POWDER 45G,0,0,12,1,3.43441E+12,3.43441E+12,,,,,,,,
3861,,CONFECTIONARIES & BAKING,BAYARA POPCORN 400G,BAYARA POPCORN 400G,0,0,7,1,3.43441E+12,3.43441E+12,,,,,,,,
3864,,CONFECTIONARIES & BAKING,DOLMIO SAUCE FOR BOLONGNESE ORIGINAL 450G,DOLMIO SAUCE FOR BOLONGNESE ORIGINAL 450G,0,0,2,1,4.00236E+12,4.00236E+12,,,,,,,,
3865,,CONFECTIONARIES & BAKING,DOLMIO SAUCE FOR LASAGNE TOMATO 450G,DOLMIO SAUCE FOR LASAGNE TOMATO 450G,0,0,3,1,4.00236E+12,4.00236E+12,,,,,,,,
3866,,CONFECTIONARIES & BAKING,NESTLE KIT KAT COCOA PLAN 41.5G,NESTLE KIT KAT COCOA PLAN 41.5G,0,0,34,1,40052397,40052397,,,,,,,,
3867,,CONFECTIONARIES & BAKING,DAVIDOFF FINE AROMA ELEGAN & FRAGRANT 100G,DAVIDOFF FINE AROMA ELEGAN & FRAGRANT 100G,0,0,8,1,4.00607E+12,4.00607E+12,,,,,,,,
3879,,CONFECTIONARIES & BAKING,M&M'S CHOCOLATE 45G,M&M'S CHOCOLATE 45G,0,0,48,1,40111490,40111490,,,,,,,,
388,,PROVISIONS,JAY & D HIGH FIBRE TROPICAL GRANOLA CRISPY & CRUNC,JAY & D HIGH FIBRE TROPICAL GRANOLA CRISPY & CRUNC,0,0,6,1,2.21893E+12,2.21893E+12,,,,,,,,
3887,,CONFECTIONARIES & BAKING,TOWERGATE MILK CHOCOLATE OATIES BISCUIT 300G,TOWERGATE MILK CHOCOLATE OATIES BISCUIT 300G,0,0,24,1,4.05649E+12,4.05649E+12,,,,,,,,
3889,,CONFECTIONARIES & BAKING,CROWNFIELD SCOTTISH PORRIDGE OATS 1KG,CROWNFIELD SCOTTISH PORRIDGE OATS 1KG,0,0,9,1,4.05649E+12,4.05649E+12,,,,,,,,
3890,,CONFECTIONARIES & BAKING,CROWNFIELD HONEY GRANOLA 1KG,CROWNFIELD HONEY GRANOLA 1KG,0,0,7,1,4.05649E+12,4.05649E+12,,,,,,,,
3892,,CONFECTIONARIES & BAKING,THE PANTRY PLAIN FLOUR 1.5KG,THE PANTRY PLAIN FLOUR 1.5KG,0,0,1,1,4.0886E+12,4.0886E+12,,,,,,,,
3893,,CONFECTIONARIES & BAKING,BELMONT RICH TEA BISCUIT 300G,BELMONT RICH TEA BISCUIT 300G,0,0,20,1,4.0886E+12,4.0886E+12,,,,,,,,
3894,,CONFECTIONARIES & BAKING,BELMONT CRUMBLY OATIES 300G,BELMONT CRUMBLY OATIES 300G,0,0,13,1,4.0886E+12,4.0886E+12,,,,,,,,
3900,,CONFECTIONARIES & BAKING,TUG BLACKCURRANT JAM HOLLAND QUALITY 450G,TUG BLACKCURRANT JAM HOLLAND QUALITY 450G,0,0,10,1,4.5132E+12,4.5132E+12,,,,,,,,
3904,,CONFECTIONARIES & BAKING,CADBURY BUTTER MINT PIECES,CADBURY BUTTER MINT PIECES,0,0,1892,1,4608,4608,,,,,,,,
3905,,CONFECTIONARIES & BAKING,IMPRA BLACK TEA RASPBERRY FLAVOURED 60G,IMPRA BLACK TEA RASPBERRY FLAVOURED 60G,0,0,4,1,4.79102E+12,4.79102E+12,,,,,,,,
3906,,CONFECTIONARIES & BAKING,IMPRA BLACK TEA PINEAPPLE FLAVOURED 60G,IMPRA BLACK TEA PINEAPPLE FLAVOURED 60G,0,0,8,1,4.79102E+12,4.79102E+12,,,,,,,,
3907,,CONFECTIONARIES & BAKING,IMPRA BLACK TEA MANGO FLAVOURED 60G,IMPRA BLACK TEA MANGO FLAVOURED 60G,0,0,7,1,4.79102E+12,4.79102E+12,,,,,,,,
3908,,CONFECTIONARIES & BAKING,IMPRA BLACK TEA BLACBERRY FLAVOURED 60G,IMPRA BLACK TEA BLACBERRY FLAVOURED 60G,0,0,8,1,4.79102E+12,4.79102E+12,,,,,,,,
3909,,CONFECTIONARIES & BAKING,IMPRA BLACK TEABLUEBERRY FLAVOURED 60G,IMPRA BLACK TEABLUEBERRY FLAVOURED 60G,0,0,8,1,4.79102E+12,4.79102E+12,,,,,,,,
3910,,CONFECTIONARIES & BAKING,IMPRA BLACK TEA COMBO 5 IN1 PACK 50G,IMPRA BLACK TEA COMBO 5 IN1 PACK 50G,0,0,10,1,4.79102E+12,4.79102E+12,,,,,,,,
3911,,CONFECTIONARIES & BAKING,LEGEN TEA HERBS BLACK LABEL TEA PREMIUM CEYLONG T,LEGEN TEA HERBS BLACK LABEL TEA PREMIUM CEYLONG T,0,0,6,1,4.79601E+12,4.79601E+12,,,,,,,,
3913,,CONFECTIONARIES & BAKING,LEGEND APPLE CINNAMON HERBAL TEA 50G,LEGEND APPLE CINNAMON HERBAL TEA 50G,0,0,9,1,4.79601E+12,4.79601E+12,,,,,,,,
3914,,CONFECTIONARIES & BAKING,LEGEN TEA HERBS LEMON & GINGER FRUIT INFUSION 30G,LEGEN TEA HERBS LEMON & GINGER FRUIT INFUSION 30G,0,0,2,1,4.79601E+12,4.79601E+12,,,,,,,,
3915,,CONFECTIONARIES & BAKING,LEGEN TEA HERBS STRAWBERRY & MANGO 30G,LEGEN TEA HERBS STRAWBERRY & MANGO 30G,0,0,2,1,4.79601E+12,4.79601E+12,,,,,,,,
3916,,CONFECTIONARIES & BAKING,LEGEN TEA HERBS BEAUTY CHAMOMILE TURMERIC 30G,LEGEN TEA HERBS BEAUTY CHAMOMILE TURMERIC 30G,0,0,5,1,4.79601E+12,4.79601E+12,,,,,,,,
3917,,CONFECTIONARIES & BAKING,"LEGEN TEA HERBS DIGESTCORIANDER,LEMONGRASS 30G","LEGEN TEA HERBS DIGESTCORIANDER,LEMONGRASS 30G",0,0,5,1,4.79601E+12,4.79601E+12,,,,,,,,
3918,,CONFECTIONARIES & BAKING,"LEGEN TEA HERBS MENOPAUSE GINSENG, LIQUORICE 30G","LEGEN TEA HERBS MENOPAUSE GINSENG, LIQUORICE 30G",0,0,6,1,4.79601E+12,4.79601E+12,,,,,,,,
3919,,CONFECTIONARIES & BAKING,"LEGEN TEA HERBS SUPPORTIVE GINGER, HIBISCUS 30G","LEGEN TEA HERBS SUPPORTIVE GINGER, HIBISCUS 30G",0,0,2,1,4.79601E+12,4.79601E+12,,,,,,,,
3920,,CONFECTIONARIES & BAKING,SAMIRA FIBROID TEA 25BAGE 50G,SAMIRA FIBROID TEA 25BAGE 50G,0,0,3,1,4.79603E+12,4.79603E+12,,,,,,,,
3922,,CONFECTIONARIES & BAKING,ROSHEN LOVITA SOFT CREAM COOKIES MILK 127G,ROSHEN LOVITA SOFT CREAM COOKIES MILK 127G,0,0,8,1,4.82308E+12,4.82308E+12,,,,,,,,
3923,,CONFECTIONARIES & BAKING,FRENCHMEAL ISABELLE BUTTER COOKIES SHORTBREAD 150G,FRENCHMEAL ISABELLE BUTTER COOKIES SHORTBREAD 150G,0,0,9,1,4.89266E+12,4.89266E+12,,,,,,,,
3924,,CONFECTIONARIES & BAKING,FRENCHMEAL ISABELLE MILK COOKIES SHORTBREAD 150G,FRENCHMEAL ISABELLE MILK COOKIES SHORTBREAD 150G,0,0,10,1,4.89266E+12,4.89266E+12,,,,,,,,
3925,,CONFECTIONARIES & BAKING,HUAMEL DANISH BUTTER STYLE SHORTCAKE BISCUIT 90G,HUAMEL DANISH BUTTER STYLE SHORTCAKE BISCUIT 90G,0,0,7,1,4.89701E+12,4.89701E+12,,,,,,,,
3926,,CONFECTIONARIES & BAKING,HUAMEL DANISH COOKIES 150G,HUAMEL DANISH COOKIES 150G,0,0,9,1,4.89701E+12,4.89701E+12,,,,,,,,
3927,,CONFECTIONARIES & BAKING,HUAMEL PURE BUTTER SHORT CAKE COOKIES 150G,HUAMEL PURE BUTTER SHORT CAKE COOKIES 150G,0,0,9,1,4.89701E+12,4.89701E+12,,,,,,,,
3928,,CONFECTIONARIES & BAKING,HUAMEL DANISH BUTTER STYLE COOKIES BISCUIT 90G,HUAMEL DANISH BUTTER STYLE COOKIES BISCUIT 90G,0,0,16,1,4.89701E+12,4.89701E+12,,,,,,,,
3929,,CONFECTIONARIES & BAKING,HUAMEL CRISPY DONUT COOKIES COCONUT FLAVOR 454G,HUAMEL CRISPY DONUT COOKIES COCONUT FLAVOR 454G,0,0,7,1,4.89701E+12,4.89701E+12,,,,,,,,
393,,PROVISIONS,DEWLONSE PLANTAIN CHIPS 300G,DEWLONSE PLANTAIN CHIPS 300G,0,0,23,1,3.12832E+12,3.12832E+12,,,,,,,,
3930,,CONFECTIONARIES & BAKING,HUAMEL CRISPY DONUT COOKIES CASHEW FLAVOR 454G,HUAMEL CRISPY DONUT COOKIES CASHEW FLAVOR 454G,0,0,11,1,4.89701E+12,4.89701E+12,,,,,,,,
3933,,CONFECTIONARIES & BAKING,OGL RICH BUTTER SHORTBREAD 90G,OGL RICH BUTTER SHORTBREAD 90G,0,0,3,1,4.89701E+12,4.89701E+12,,,,,,,,
394,,PROVISIONS,SWISS MISS HOT COCOA MIX SACHETS 39G,SWISS MISS HOT COCOA MIX SACHETS 39G,0,0,31,1,3.20012E+12,3.20012E+12,,,,,,,,
3940,,CONFECTIONARIES & BAKING,TESCO SELF RAISING FLOUR 1.5KG,TESCO SELF RAISING FLOUR 1.5KG,0,0,4,1,5.00012E+12,5.00012E+12,,,,,,,,
3941,,CONFECTIONARIES & BAKING,JACOBS CREAM CRACKERS 200G,JACOBS CREAM CRACKERS 200G,0,0,28,1,5.00014E+12,5.00014E+12,,,,,,,,
3974,,CONFECTIONARIES & BAKING,TETLEY DECAFE TEA BAGS 125G,TETLEY DECAFE TEA BAGS 125G,0,0,6,1,5.00021E+12,5.00021E+12,,,,,,,,
3976,,CONFECTIONARIES & BAKING,DORITOS COOL ORIGINAL CHIPS 70G,DORITOS COOL ORIGINAL CHIPS 70G,0,0,8,1,5.00033E+12,5.00033E+12,,,,,,,,
3980,,CONFECTIONARIES & BAKING,MCVITIES BOURBON CREAMS 200G,MCVITIES BOURBON CREAMS 200G,0,0,6,1,5.0004E+12,5.0004E+12,,,,,,,,
3984,,CONFECTIONARIES & BAKING,JACOB'S CREAM CRACKERS 300G,JACOB'S CREAM CRACKERS 300G,0,0,33,1,5.0004E+12,5.0004E+12,,,,,,,,
3986,,CONFECTIONARIES & BAKING,MCVITIES DIGESTIVE MILK CHOCO. BISC. 200G,MCVITIES DIGESTIVE MILK CHOCO. BISC. 200G,0,0,7,1,5.0004E+12,5.0004E+12,,,,,,,,
3987,,CONFECTIONARIES & BAKING,MCVITIES DIGESTIVE ORIGINAL 400G,MCVITIES DIGESTIVE ORIGINAL 400G,0,0,12,1,5.0004E+12,5.0004E+12,,,,,,,,
3988,,CONFECTIONARIES & BAKING,MCVITIES DIGESTIVES THE ORIGINAL BISCUIT 250G,MCVITIES DIGESTIVES THE ORIGINAL BISCUIT 250G,0,0,5,1,5.0004E+12,5.0004E+12,,,,,,,,
3990,,CONFECTIONARIES & BAKING,MCVITIES CREAM CRACKERS BISCUIT 200G,MCVITIES CREAM CRACKERS BISCUIT 200G,0,0,48,1,5.0004E+12,5.0004E+12,,,,,,,,
3993,,CONFECTIONARIES & BAKING,ALPEN 30% MORE FRUIT ORIGINAL CRUNCHY 550G,ALPEN 30% MORE FRUIT ORIGINAL CRUNCHY 550G,0,0,12,1,5.01003E+12,5.01003E+12,,,,,,,,
3994,,CONFECTIONARIES & BAKING,FOX'S FABULOUS TRIPLE CHOCOLATE COOKIES 180G,FOX'S FABULOUS TRIPLE CHOCOLATE COOKIES 180G,0,0,34,1,5.01004E+12,5.01004E+12,,,,,,,,
3995,,CONFECTIONARIES & BAKING,FOX'S VIENNESE MILK CHOCOLATE COOKIES 120G,FOX'S VIENNESE MILK CHOCOLATE COOKIES 120G,0,0,2,1,5.01004E+12,5.01004E+12,,,,,,,,
3996,,CONFECTIONARIES & BAKING,FOX'S CHOCOLATE JAM'N' CREAM STRAWBERRY & VANILLA,FOX'S CHOCOLATE JAM'N' CREAM STRAWBERRY & VANILLA,0,0,2,1,5.01004E+12,5.01004E+12,,,,,,,,
3999,,CONFECTIONARIES & BAKING,FOX'S CHOCOLATE WHITE COOKIES180G,FOX'S CHOCOLATE WHITE COOKIES180G,0,0,2,1,5.01004E+12,5.01004E+12,,,,,,,,
4004,,CONFECTIONARIES & BAKING,FOX'S FABULOUS CHOCOLATEY SLTED CARAMEL ROUNDS BIS,FOX'S FABULOUS CHOCOLATEY SLTED CARAMEL ROUNDS BIS,0,0,5,1,5.01004E+12,5.01004E+12,,,,,,,,
4005,,CONFECTIONARIES & BAKING,FOX'S CRUNCH CREAMS GOLDEN 200G,FOX'S CRUNCH CREAMS GOLDEN 200G,0,0,5,1,5.01004E+12,5.01004E+12,,,,,,,,
4006,,CONFECTIONARIES & BAKING,FOX'S CRUNCH CREAMS GINGER 200G,FOX'S CRUNCH CREAMS GINGER 200G,0,0,25,1,5.01004E+12,5.01004E+12,,,,,,,,
4007,,CONFECTIONARIES & BAKING,FOX'S CRUNCH CREAMS SALTED CARAMEL 200G,FOX'S CRUNCH CREAMS SALTED CARAMEL 200G,0,0,14,1,5.01004E+12,5.01004E+12,,,,,,,,
4009,,CONFECTIONARIES & BAKING,FOX'S CRUNCH CREAMS VERY VANILLA 200G,FOX'S CRUNCH CREAMS VERY VANILLA 200G,0,0,6,1,5.01004E+12,5.01004E+12,,,,,,,,
402,,PROVISIONS,DAVIDOFF ESPRESSO 57 INTENSE COFFEE 100G,DAVIDOFF ESPRESSO 57 INTENSE COFFEE 100G,0,0,8,1,4.00607E+12,4.00607E+12,,,,,,,,
4024,,CONFECTIONARIES & BAKING,HARIBO GOLDBEARS 140G,HARIBO GOLDBEARS 140G,0,0,12,1,5.01204E+12,5.01204E+12,,,,,,,,
403,,PROVISIONS,DAVIDOFF RICH AROMA VIVID & SPICY COFFEE 100G,DAVIDOFF RICH AROMA VIVID & SPICY COFFEE 100G,0,0,3,1,4.00607E+12,4.00607E+12,,,,,,,,
4030,,CONFECTIONARIES & BAKING,HARIBO SUPERMIX 154G,HARIBO SUPERMIX 154G,0,0,23,1,5.01204E+12,5.01204E+12,,,,,,,,
4031,,CONFECTIONARIES & BAKING,NATCO POPPING CORN 500G,NATCO POPPING CORN 500G,0,0,1,1,5.01353E+12,5.01353E+12,,,,,,,,
4032,,CONFECTIONARIES & BAKING,TRS WHITE PEPPER POWDER 100G,TRS WHITE PEPPER POWDER 100G,0,0,16,1,5.01769E+12,5.01769E+12,,,,,,,,
4033,,CONFECTIONARIES & BAKING,EASY POP SALTED 85G,EASY POP SALTED 85G,0,0,25,1,5.02375E+12,5.02375E+12,,,,,,,,
4037,,CONFECTIONARIES & BAKING,EASY POP BUTTER 85G,EASY POP BUTTER 85G,0,0,16,1,5.02375E+12,5.02375E+12,,,,,,,,
4038,,CONFECTIONARIES & BAKING,PEGASUS GROUND CINNAMON 25G,PEGASUS GROUND CINNAMON 25G,0,0,11,1,5.02979E+12,5.02979E+12,,,,,,,,
4039,,CONFECTIONARIES & BAKING,PEGASUS WHOLE CLOVES 20G,PEGASUS WHOLE CLOVES 20G,0,0,5,1,5.02979E+12,5.02979E+12,,,,,,,,
4040,,CONFECTIONARIES & BAKING,PEGASUS GROUND TUMERIC 25G,PEGASUS GROUND TUMERIC 25G,0,0,10,1,5.02979E+12,5.02979E+12,,,,,,,,
4041,,CONFECTIONARIES & BAKING,TROPICAL SUN COCONUT PEANUTS 330G,TROPICAL SUN COCONUT PEANUTS 330G,0,0,28,1,5.02979E+12,5.02979E+12,,,,,,,,
4042,,CONFECTIONARIES & BAKING,TROPICAL SUN CRUNCHY COCONUT PEANUTS 165G,TROPICAL SUN CRUNCHY COCONUT PEANUTS 165G,0,0,24,1,5.02979E+12,5.02979E+12,,,,,,,,
4043,,CONFECTIONARIES & BAKING,TROPICAL SUN CONCENTRATED ROSE FLAVOUR 28ML,TROPICAL SUN CONCENTRATED ROSE FLAVOUR 28ML,0,0,12,1,5.02979E+12,5.02979E+12,,,,,,,,
4044,,CONFECTIONARIES & BAKING,TROPICAL SUN CONCENTRATED NUTMEG FLAVOUR 28ML,TROPICAL SUN CONCENTRATED NUTMEG FLAVOUR 28ML,0,0,9,1,5.02979E+12,5.02979E+12,,,,,,,,
4046,,CONFECTIONARIES & BAKING,TROPICAL SUN CONCENTRATED BANANA FLAVOUR 28ML,TROPICAL SUN CONCENTRATED BANANA FLAVOUR 28ML,0,0,6,1,5.02979E+12,5.02979E+12,,,,,,,,
4047,,CONFECTIONARIES & BAKING,TROPICAL SUN CONCENTRATED STAWBERRY FLAVOUR 28ML,TROPICAL SUN CONCENTRATED STAWBERRY FLAVOUR 28ML,0,0,11,1,5.02979E+12,5.02979E+12,,,,,,,,
4049,,CONFECTIONARIES & BAKING,TROPICAL SUN PORRIDGE OATS 3KG,TROPICAL SUN PORRIDGE OATS 3KG,0,0,3,1,5.02979E+12,5.02979E+12,,,,,,,,
4050,,CONFECTIONARIES & BAKING,TROPICAL SUN CRUNCHY COFFEE PEANUTS 330G,TROPICAL SUN CRUNCHY COFFEE PEANUTS 330G,0,0,12,1,5.02979E+12,5.02979E+12,,,,,,,,
4051,,CONFECTIONARIES & BAKING,Aani ALMONDS 750ML,Aani ALMONDS 750ML,0,0,10,1,5.02979E+12,5.02979E+12,,,,,,,,
4052,,CONFECTIONARIES & BAKING,CADBURY DAIRY MILK FRUIT & NUT 49G,CADBURY DAIRY MILK FRUIT & NUT 49G,0,0,48,1,50312610,50312610,,,,,,,,
4053,,CONFECTIONARIES & BAKING,ROYALTY DIGESTIVE BISCUIT 400G,ROYALTY DIGESTIVE BISCUIT 400G,0,0,24,1,5.03262E+12,5.03262E+12,,,,,,,,
4054,,CONFECTIONARIES & BAKING,ROYALTY GINGER NUTS BISCUITS 300G,ROYALTY GINGER NUTS BISCUITS 300G,0,0,15,1,5.03262E+12,5.03262E+12,,,,,,,,
4055,,CONFECTIONARIES & BAKING,ROYALTY CREAM CRACKERS 300G,ROYALTY CREAM CRACKERS 300G,0,0,33,1,5.03262E+12,5.03262E+12,,,,,,,,
4057,,CONFECTIONARIES & BAKING,PRINGLES ORIGINAL 40G,PRINGLES ORIGINAL 40G,0,0,56,1,5.05399E+12,5.05399E+12,,,,,,,,
406,,PROVISIONS,STUTE STRAWBERRY JAM FOR DIABETIC 430G,STUTE STRAWBERRY JAM FOR DIABETIC 430G,0,0,3,1,4.00642E+12,4.00642E+12,,,,,,,,
4060,,CONFECTIONARIES & BAKING,PRINGLES PAPRIKA 165G,PRINGLES PAPRIKA 165G,0,0,3,1,5.05399E+12,5.05399E+12,,,,,,,,
4061,,CONFECTIONARIES & BAKING,PRINGLES ORIGINAL 165G,PRINGLES ORIGINAL 165G,0,0,14,1,5.05399E+12,5.05399E+12,,,,,,,,
4064,,CONFECTIONARIES & BAKING,PRINGLES TEXAS BBQ SAUCE 165G,PRINGLES TEXAS BBQ SAUCE 165G,0,0,22,1,5.05399E+12,5.05399E+12,,,,,,,,
4065,,CONFECTIONARIES & BAKING,PRINGLES SOUR CREAM & ONION 165G,PRINGLES SOUR CREAM & ONION 165G,0,0,9,1,5.05399E+12,5.05399E+12,,,,,,,,
4066,,CONFECTIONARIES & BAKING,CHEEZ IT SNAP'D DOUBLE CHEESE BAKED SNACK 65G,CHEEZ IT SNAP'D DOUBLE CHEESE BAKED SNACK 65G,0,0,4,1,5.05399E+12,5.05399E+12,,,,,,,,
407,,PROVISIONS,STUTE APRICOT EXTRA JAM 430G,STUTE APRICOT EXTRA JAM 430G,0,0,1,1,4.00642E+12,4.00642E+12,,,,,,,,
4072,,CONFECTIONARIES & BAKING,SONIC THE HEDGEHOG BISCUIT CHOCO CHIP 100G,SONIC THE HEDGEHOG BISCUIT CHOCO CHIP 100G,0,0,37,1,5.06032E+12,5.06032E+12,,,,,,,,
4076,,CONFECTIONARIES & BAKING,MCVITIES HOBNOBS BISCUIT 39G,MCVITIES HOBNOBS BISCUIT 39G,0,0,20,1,5.06048E+12,5.06048E+12,,,,,,,,
4077,,CONFECTIONARIES & BAKING,CUSTARD CREAM FLAVOURED 40G,CUSTARD CREAM FLAVOURED 40G,0,0,24,1,5.06048E+12,5.06048E+12,,,,,,,,
4078,,CONFECTIONARIES & BAKING,HANSBRO NOREOS CHOCOLATE STRAWBERRY BISCUIT 30G,HANSBRO NOREOS CHOCOLATE STRAWBERRY BISCUIT 30G,0,0,240,1,5.06048E+12,5.06048E+12,,,,,,,,
408,,PROVISIONS,STUTE DIABETIC THICK CUT ORANGE MARMALADE 430G,STUTE DIABETIC THICK CUT ORANGE MARMALADE 430G,0,0,4,1,4.00642E+12,4.00642E+12,,,,,,,,
4080,,CONFECTIONARIES & BAKING,MCVITIES DIGESTIVES ORIGINAL 52G,MCVITIES DIGESTIVES ORIGINAL 52G,0,0,250,1,5.06048E+12,5.06048E+12,,,,,,,,
4081,,CONFECTIONARIES & BAKING,HAANSBRO NICE COCONUT BISCUITS 25G,HAANSBRO NICE COCONUT BISCUITS 25G,0,0,48,1,5.06048E+12,5.06048E+12,,,,,,,,
4085,,CONFECTIONARIES & BAKING,MCVITIES DARK CREAM 48G,MCVITIES DARK CREAM 48G,0,0,227,1,5.06048E+12,5.06048E+12,,,,,,,,
4089,,CONFECTIONARIES & BAKING,PLAZMA YUMMY BISCUIT 21G,PLAZMA YUMMY BISCUIT 21G,0,0,30,1,5.06062E+12,5.06062E+12,,,,,,,,
4092,,CONFECTIONARIES & BAKING,CASA DE CAMPO BLOSSOM HONEY 300G,CASA DE CAMPO BLOSSOM HONEY 300G,0,0,7,1,5.06073E+12,5.06073E+12,,,,,,,,
4094,,CONFECTIONARIES & BAKING,MAMUDA ZIIGZAG VANILLA FLAVOURED CREAM BISCUITS,MAMUDA ZIIGZAG VANILLA FLAVOURED CREAM BISCUITS,0,0,41,1,5.06091E+12,5.06091E+12,,,,,,,,
4095,,CONFECTIONARIES & BAKING,MAMUDA SECRET BITES CHOCOLATE CREAMY WAFERS 27G,MAMUDA SECRET BITES CHOCOLATE CREAMY WAFERS 27G,0,0,10,1,5.06091E+12,5.06091E+12,,,,,,,,
4097,,CONFECTIONARIES & BAKING,GOLD 7 T0 7 COCONUT FLAVOUR BISCUIT,GOLD 7 T0 7 COCONUT FLAVOUR BISCUIT,0,0,11,1,5.06091E+12,5.06091E+12,,,,,,,,
4099,,CONFECTIONARIES & BAKING,MAMUDA GOLD 7 TO 7 MILK FLAVOURED BISCUIT 30G,MAMUDA GOLD 7 TO 7 MILK FLAVOURED BISCUIT 30G,0,0,1,1,5.06091E+12,5.06091E+12,,,,,,,,
41,,VILLAGE MARKET,CABBAGE (BIG),CABBAGE (BIG),0,0,2,1,43,43,,,,,,,,
4103,,CONFECTIONARIES & BAKING,MAMUDA GOLD PICK ME EXTRA MILK COOKIES 65G,MAMUDA GOLD PICK ME EXTRA MILK COOKIES 65G,0,0,33,1,5.06091E+12,5.06091E+12,,,,,,,,
4104,,CONFECTIONARIES & BAKING,MAMUDA DIGESTIVES ORIGINAL 65G,MAMUDA DIGESTIVES ORIGINAL 65G,0,0,12,1,5.06091E+12,5.06091E+12,,,,,,,,
4105,,CONFECTIONARIES & BAKING,MAMUDA MILKY BITE BISCUITS 65G,MAMUDA MILKY BITE BISCUITS 65G,0,0,5,1,5.06091E+12,5.06091E+12,,,,,,,,
4107,,CONFECTIONARIES & BAKING,PECKISHH SPICE CRUNCHY CHIN CHIN 240G,PECKISHH SPICE CRUNCHY CHIN CHIN 240G,0,0,7,1,5.06502E+12,5.06502E+12,,,,,,,,
4108,,CONFECTIONARIES & BAKING,PECKISHH COCONUTTY CHIN CHIN 240G,PECKISHH COCONUTTY CHIN CHIN 240G,0,0,6,1,5.06502E+12,5.06502E+12,,,,,,,,
4109,,CONFECTIONARIES & BAKING,PECKISHH CINNAMON VANILLA CHIN CHIN 240G,PECKISHH CINNAMON VANILLA CHIN CHIN 240G,0,0,2,1,5.06502E+12,5.06502E+12,,,,,,,,
4110,,CONFECTIONARIES & BAKING,PECKISHH CINNAMON CHIN CHIN 150G,PECKISHH CINNAMON CHIN CHIN 150G,0,0,3,1,5.06502E+12,5.06502E+12,,,,,,,,
4111,,CONFECTIONARIES & BAKING,PECKISHH SWEET AND CRUNCHY CHIN CHIN 240G,PECKISHH SWEET AND CRUNCHY CHIN CHIN 240G,0,0,12,1,5.07E+12,5.07E+12,,,,,,,,
4112,,CONFECTIONARIES & BAKING,PECKISHH SWEET AND CRUNCHY CHIN CHIN POUNCH 1200G,PECKISHH SWEET AND CRUNCHY CHIN CHIN POUNCH 1200G,0,0,4,1,5.07E+12,5.07E+12,,,,,,,,
4115,,CONFECTIONARIES & BAKING,UPPERROOM COMMUNION WAFERS ROUND UNLEAVENED POUNCH,UPPERROOM COMMUNION WAFERS ROUND UNLEAVENED POUNCH,0,0,11,1,5.2402E+12,5.2402E+12,,,,,,,,
4116,,CONFECTIONARIES & BAKING,MAMA'S PRIDE SPAGHETTI 500G,MAMA'S PRIDE SPAGHETTI 500G,0,0,25,1,5.29685E+12,5.29685E+12,,,,,,,,
4123,,CONFECTIONARIES & BAKING,TONEE FRIED UKWA 250GRM,TONEE FRIED UKWA 250GRM,0,0,11,1,56613016545,56613016545,,,,,,,,
4127,,CONFECTIONARIES & BAKING,MOKATE GOLD CAPPUCCINO CLASSIC FLAVOUR 100G,MOKATE GOLD CAPPUCCINO CLASSIC FLAVOUR 100G,0,0,6,1,5.90065E+12,5.90065E+12,,,,,,,,
4128,,CONFECTIONARIES & BAKING,LEIBNIZ ORIGINAL MINI BISCUIT 120G,LEIBNIZ ORIGINAL MINI BISCUIT 120G,0,0,3,1,5.90141E+12,5.90141E+12,,,,,,,,
4130,,CONFECTIONARIES & BAKING,STAR KLEO AMERICAN COOKIES WITH CHOCOLATE CHIPS 22,STAR KLEO AMERICAN COOKIES WITH CHOCOLATE CHIPS 22,0,0,6,1,5.90243E+12,5.90243E+12,,,,,,,,
4131,,CONFECTIONARIES & BAKING,TUC ORIGINAL BISCUIT 100G,TUC ORIGINAL BISCUIT 100G,0,0,8,1,5.99871E+12,5.99871E+12,,,,,,,,
4132,,CONFECTIONARIES & BAKING,TUC SOUR CREAN & ONION FLAVOUR 100G,TUC SOUR CREAN & ONION FLAVOUR 100G,0,0,9,1,5.99871E+12,5.99871E+12,,,,,,,,
4137,,CONFECTIONARIES & BAKING,TOP TEA LEMON & LIME FLAVOUR47.5G,TOP TEA LEMON & LIME FLAVOUR47.5G,0,0,2,1,6.00816E+12,6.00816E+12,,,,,,,,
4140,,CONFECTIONARIES & BAKING,QUAKER OATS QUICK COOKIN WHITE 420G,QUAKER OATS QUICK COOKIN WHITE 420G,0,0,78,1,6.00971E+12,6.00971E+12,,,,,,,,
4141,,CONFECTIONARIES & BAKING,CHEETOS COCONUT FLAVOURED MAIZE SNACK 12G,CHEETOS COCONUT FLAVOURED MAIZE SNACK 12G,0,0,27,1,6.00971E+12,6.00971E+12,,,,,,,,
4142,,CONFECTIONARIES & BAKING,CHEETOS CHEESE FLAVOURED MAIZE SNACK 12G,CHEETOS CHEESE FLAVOURED MAIZE SNACK 12G,0,0,38,1,6.00971E+12,6.00971E+12,,,,,,,,
4145,,CONFECTIONARIES & BAKING,CHEETOS COCONUT FLAVOUR MAIZE SNACK 96G,CHEETOS COCONUT FLAVOUR MAIZE SNACK 96G,0,0,17,1,6.00971E+12,6.00971E+12,,,,,,,,
4146,,CONFECTIONARIES & BAKING,CHEETOS CHEESE FLAVOURED MAIZE SNACK 96G,CHEETOS CHEESE FLAVOURED MAIZE SNACK 96G,0,0,14,1,6.00971E+12,6.00971E+12,,,,,,,,
4147,,CONFECTIONARIES & BAKING,QUAKER QUICK COOKING WHITE OATS 1.8KG,QUAKER QUICK COOKING WHITE OATS 1.8KG,0,0,9,1,6.00971E+12,6.00971E+12,,,,,,,,
4150,,CONFECTIONARIES & BAKING,SWEETCO ICE COOL MINTS CANDY 48PCS BY 150G,SWEETCO ICE COOL MINTS CANDY 48PCS BY 150G,0,0,19,1,6.00982E+12,6.00982E+12,,,,,,,,
4151,,CONFECTIONARIES & BAKING,SWEETCO MELODY CANDY WATER MELON 48PCS BY 150G,SWEETCO MELODY CANDY WATER MELON 48PCS BY 150G,0,0,19,1,6.00982E+12,6.00982E+12,,,,,,,,
4153,,CONFECTIONARIES & BAKING,LATYF CORN FLOUR 200ML,LATYF CORN FLOUR 200ML,0,0,13,1,6.02772E+11,6.02772E+11,,,,,,,,
4155,,CONFECTIONARIES & BAKING,BUTTER TOFFEE MILK 200PIECES 800G,BUTTER TOFFEE MILK 200PIECES 800G,0,0,5,1,6.033E+12,6.033E+12,,,,,,,,
4156,,CONFECTIONARIES & BAKING,NESTLE GOLDEN MORN GRAIN SMART 30G,NESTLE GOLDEN MORN GRAIN SMART 30G,0,0,350,1,6.033E+12,6.033E+12,,,,,,,,
4157,,CONFECTIONARIES & BAKING,NESTLE GOLDEN MORN GRAIN SMART 900G,NESTLE GOLDEN MORN GRAIN SMART 900G,0,0,33,1,6.033E+12,6.033E+12,,,,,,,,
4158,,CONFECTIONARIES & BAKING,NESTLE GOLDEN MORN 950G,NESTLE GOLDEN MORN 950G,0,0,12,1,6.033E+12,6.033E+12,,,,,,,,
4159,,CONFECTIONARIES & BAKING,NKATIE PEANUT BURGER 50G,NKATIE PEANUT BURGER 50G,0,0,103,1,6.034E+12,6.034E+12,,,,,,,,
4160,,CONFECTIONARIES & BAKING,MARIO ENGLISH ECLARES RICH & CREAMY CENTER 220PCS,MARIO ENGLISH ECLARES RICH & CREAMY CENTER 220PCS,0,0,6,1,6.034E+12,6.034E+12,,,,,,,,
4161,,CONFECTIONARIES & BAKING,SEGUNFUMI GRANOLA 1KG,SEGUNFUMI GRANOLA 1KG,0,0,4,1,6.08056E+12,6.08056E+12,,,,,,,,
4162,,CONFECTIONARIES & BAKING,IZINGA KILISHI 60G,IZINGA KILISHI 60G,0,0,48,1,6.08887E+11,6.08887E+11,,,,,,,,
4163,,CONFECTIONARIES & BAKING,IZINGA KILISHI 125G,IZINGA KILISHI 125G,0,0,24,1,6.08887E+11,6.08887E+11,,,,,,,,
4169,,CONFECTIONARIES & BAKING,VOLAR NUTS PREMIUM CASHEW NUT UNSALTED 400G,VOLAR NUTS PREMIUM CASHEW NUT UNSALTED 400G,0,0,6,1,6.08887E+11,6.08887E+11,,,,,,,,
4170,,CONFECTIONARIES & BAKING,VOLAR NUTS PREMIUM CASHEW NUT UNSALTED 200G,VOLAR NUTS PREMIUM CASHEW NUT UNSALTED 200G,0,0,5,1,6.08887E+11,6.08887E+11,,,,,,,,
4171,,CONFECTIONARIES & BAKING,VOLAR NUTS PREMIUM CASHEW NUT CINNAMON 400G,VOLAR NUTS PREMIUM CASHEW NUT CINNAMON 400G,0,0,1,1,6.08887E+11,6.08887E+11,,,,,,,,
4172,,CONFECTIONARIES & BAKING,VOLAR NUTS PREMIUM CASHEW NUT CINNAMON CANDIED 200,VOLAR NUTS PREMIUM CASHEW NUT CINNAMON CANDIED 200,0,0,6,1,6.08887E+11,6.08887E+11,,,,,,,,
4173,,CONFECTIONARIES & BAKING,VOLAR NUTS PREMIUM CASHEW NUT HOT &PICY 400G,VOLAR NUTS PREMIUM CASHEW NUT HOT &PICY 400G,0,0,3,1,6.08887E+11,6.08887E+11,,,,,,,,
4174,,CONFECTIONARIES & BAKING,VOLAR NUTS PREMIUM CASHEW NUT HOT & SPICE 200G,VOLAR NUTS PREMIUM CASHEW NUT HOT & SPICE 200G,0,0,5,1,6.08887E+11,6.08887E+11,,,,,,,,
4176,,CONFECTIONARIES & BAKING,BELOXXI CREAM CRACKERS 30G,BELOXXI CREAM CRACKERS 30G,0,0,470,1,6.08887E+11,6.08887E+11,,,,,,,,
4184,,CONFECTIONARIES & BAKING,INFINITY CEREAL CORNFLAKES 55G,INFINITY CEREAL CORNFLAKES 55G,0,0,60,1,6.1511E+12,6.1511E+12,,,,,,,,
4186,,CONFECTIONARIES & BAKING,CHECKERS VANILLA CUSTARD POWDER SACHET 50G,CHECKERS VANILLA CUSTARD POWDER SACHET 50G,0,0,70,1,6.15211E+12,6.15211E+12,,,,,,,,
4187,,CONFECTIONARIES & BAKING,EXECUTIVE CHOICE CASHEW NUT HOT & SPICY BOTTLE 500,EXECUTIVE CHOICE CASHEW NUT HOT & SPICY BOTTLE 500,0,0,7,1,6.1522E+12,6.1522E+12,,,,,,,,
4188,,CONFECTIONARIES & BAKING,EXECUTIVE CHOICE CASHEWS HOT & SPICY BOTTLE 255G,EXECUTIVE CHOICE CASHEWS HOT & SPICY BOTTLE 255G,0,0,12,1,6.1522E+12,6.1522E+12,,,,,,,,
4190,,CONFECTIONARIES & BAKING,BELOXXI CREAM CRACKER 100G,BELOXXI CREAM CRACKER 100G,0,0,36,1,6.1534E+12,6.1534E+12,,,,,,,,
4197,,CONFECTIONARIES & BAKING,MENTOS PEPPERMINT GUM 13.05G,MENTOS PEPPERMINT GUM 13.05G,0,0,72,1,6.154E+12,6.154E+12,,,,,,,,
42,,VILLAGE MARKET,WHITE GARRI PER KG,WHITE GARRI PER KG,0,0,15.11,1,45588,45588,,,,,,,,
420,,PROVISIONS,GOLDEN CITY OAT 500G,GOLDEN CITY OAT 500G,0,0,12,1,4.03079E+12,4.03079E+12,,,,,,,,
4201,,CONFECTIONARIES & BAKING,CHUPA CHUPS SOUR BITES MIXED FRUIT SOFT & CHEWY CA,CHUPA CHUPS SOUR BITES MIXED FRUIT SOFT & CHEWY CA,0,0,80,1,6.154E+12,6.154E+12,,,,,,,,
4202,,CONFECTIONARIES & BAKING,CHUPA CHUPS BLINK SOUR BITES SOFT AND CHEWY MIXED,CHUPA CHUPS BLINK SOUR BITES SOFT AND CHEWY MIXED,0,0,2700,1,6.154E+12,6.154E+12,,,,,,,,
4206,,CONFECTIONARIES & BAKING,CHUPA CHUPS SOUR BELT COLA/STRAWBERRY SOFT CANDY 8,CHUPA CHUPS SOUR BELT COLA/STRAWBERRY SOFT CANDY 8,0,0,1440,1,6.154E+12,6.154E+12,,,,,,,,
4207,,CONFECTIONARIES & BAKING,MENTOS RAINBOW FRUIT FLAVOURED 37.8G,MENTOS RAINBOW FRUIT FLAVOURED 37.8G,0,0,100,1,6.154E+12,6.154E+12,,,,,,,,
421,,PROVISIONS,DAVIDOFF CREMA INTENSE SMOOTH & ROUNDED COFFEE 90G,DAVIDOFF CREMA INTENSE SMOOTH & ROUNDED COFFEE 90G,0,0,2,1,4.04623E+12,4.04623E+12,,,,,,,,
4210,,CONFECTIONARIES & BAKING,MENTOS WHITE SWEET MINT GUM 13.05G,MENTOS WHITE SWEET MINT GUM 13.05G,0,0,84,1,6.154E+12,6.154E+12,,,,,,,,
4213,,CONFECTIONARIES & BAKING,MENTOS WHITE BUBBLE FRESH 13.05G,MENTOS WHITE BUBBLE FRESH 13.05G,0,0,24,1,6.154E+12,6.154E+12,,,,,,,,
4214,,CONFECTIONARIES & BAKING,THREE CROWNS INSTANT FILLED MILK POWDER 770G,THREE CROWNS INSTANT FILLED MILK POWDER 770G,0,0,19,1,6.154E+12,6.154E+12,,,,,,,,
4219,,CONFECTIONARIES & BAKING,PURE BLISS MILK COOKIES 65G,PURE BLISS MILK COOKIES 65G,0,0,61,1,6.154E+12,6.154E+12,,,,,,,,
4220,,CONFECTIONARIES & BAKING,PURE BLISS MILK WAFER 40G,PURE BLISS MILK WAFER 40G,0,0,100,1,6.154E+12,6.154E+12,,,,,,,,
4221,,CONFECTIONARIES & BAKING,PURE BLISS CHOCOLATE WAFER 40G,PURE BLISS CHOCOLATE WAFER 40G,0,0,22,1,6.154E+12,6.154E+12,,,,,,,,
4224,,CONFECTIONARIES & BAKING,GOOD TIME DIGESTIVE,GOOD TIME DIGESTIVE,0,0,1,1,6.154E+12,6.154E+12,,,,,,,,
4225,,CONFECTIONARIES & BAKING,GOOD TIME DIGESTIVE 67.5G,GOOD TIME DIGESTIVE 67.5G,0,0,152,1,6.154E+12,6.154E+12,,,,,,,,
4226,,CONFECTIONARIES & BAKING,PURE BLISS GOLD RICH MIK COOKIES 85G,PURE BLISS GOLD RICH MIK COOKIES 85G,0,0,87,1,6.154E+12,6.154E+12,,,,,,,,
4228,,CONFECTIONARIES & BAKING,PURE BLISS GOLD COCONUT COOKIES 85G,PURE BLISS GOLD COCONUT COOKIES 85G,0,0,31,1,6.154E+12,6.154E+12,,,,,,,,
4230,,CONFECTIONARIES & BAKING,MCVITIES RICH TEA BISCUIT 34G,MCVITIES RICH TEA BISCUIT 34G,0,0,252,1,6.154E+12,6.154E+12,,,,,,,,
4231,,CONFECTIONARIES & BAKING,MCVITIE'S RICH TEA BISCUIT 200G,MCVITIE'S RICH TEA BISCUIT 200G,0,0,1,1,6.154E+12,6.154E+12,,,,,,,,
4236,,CONFECTIONARIES & BAKING,MCVITIES BUTTER SHORTBREAD 100G,MCVITIES BUTTER SHORTBREAD 100G,0,0,51,1,6.154E+12,6.154E+12,,,,,,,,
4239,,CONFECTIONARIES & BAKING,NOREOS SANDWICH BISCUITS VANILLA FLAVOURED 34G,NOREOS SANDWICH BISCUITS VANILLA FLAVOURED 34G,0,0,48,1,6.154E+12,6.154E+12,,,,,,,,
4240,,CONFECTIONARIES & BAKING,MCVITIES CRACKERS ORIGINAL BISCUITS 20G,MCVITIES CRACKERS ORIGINAL BISCUITS 20G,0,0,15,1,6.154E+12,6.154E+12,,,,,,,,
4241,,CONFECTIONARIES & BAKING,MALT & MILK FLAVOURED BISCUITS 56G,MALT & MILK FLAVOURED BISCUITS 56G,0,0,8,1,6.154E+12,6.154E+12,,,,,,,,
4243,,CONFECTIONARIES & BAKING,MCVITIES CHOCO CHIPS COOKIES 135G,MCVITIES CHOCO CHIPS COOKIES 135G,0,0,47,1,6.154E+12,6.154E+12,,,,,,,,
4244,,CONFECTIONARIES & BAKING,MCVITIES BUTTER SHORTBREAD BITES 25G,MCVITIES BUTTER SHORTBREAD BITES 25G,0,0,28,1,6.154E+12,6.154E+12,,,,,,,,
4246,,CONFECTIONARIES & BAKING,MCVITIES COOKIES GOODNESSOF MILK 36G,MCVITIES COOKIES GOODNESSOF MILK 36G,0,0,32,1,6.154E+12,6.154E+12,,,,,,,,
4247,,CONFECTIONARIES & BAKING,MUNCH IT CREAMY CRUNCH 35G,MUNCH IT CREAMY CRUNCH 35G,0,0,348,1,6.154E+12,6.154E+12,,,,,,,,
4248,,CONFECTIONARIES & BAKING,MUNCH IT SOUR CREAM & ONION 30G,MUNCH IT SOUR CREAM & ONION 30G,0,0,11,1,6.154E+12,6.154E+12,,,,,,,,
4249,,CONFECTIONARIES & BAKING,MUNCH IT SWEET SURPRISE 40.25G,MUNCH IT SWEET SURPRISE 40.25G,0,0,19,1,6.154E+12,6.154E+12,,,,,,,,
425,,PROVISIONS,CROWNFIELD FRUIT & FIBRE VITAMIN D IRON 750G,CROWNFIELD FRUIT & FIBRE VITAMIN D IRON 750G,0,0,8,1,4.05649E+12,4.05649E+12,,,,,,,,
4250,,CONFECTIONARIES & BAKING,MUNCH IT CHEESY STIX 35G,MUNCH IT CHEESY STIX 35G,0,0,280,1,6.154E+12,6.154E+12,,,,,,,,
4254,,CONFECTIONARIES & BAKING,YALE BEES CRUNCHY MILK AND HONEY BISCUITS 74G,YALE BEES CRUNCHY MILK AND HONEY BISCUITS 74G,0,0,29,1,6.154E+12,6.154E+12,,,,,,,,
4255,,CONFECTIONARIES & BAKING,YALE DOUBLE DECKER VANILLA BISCUITS 35G,YALE DOUBLE DECKER VANILLA BISCUITS 35G,0,0,48,1,6.154E+12,6.154E+12,,,,,,,,
4256,,CONFECTIONARIES & BAKING,YALE WAFERCHOC BISCUIT 27G,YALE WAFERCHOC BISCUIT 27G,0,0,114,1,6.154E+12,6.154E+12,,,,,,,,
4257,,CONFECTIONARIES & BAKING,YALE AMORE BISCUITS 38.8G,YALE AMORE BISCUITS 38.8G,0,0,2,1,6.154E+12,6.154E+12,,,,,,,,
4259,,CONFECTIONARIES & BAKING,YALE SUPREME DIGESTIVE BISCUIT 150G,YALE SUPREME DIGESTIVE BISCUIT 150G,0,0,35,1,6.154E+12,6.154E+12,,,,,,,,
4261,,CONFECTIONARIES & BAKING,FUN SNAX CHEESE BALLS PARTY PACK 100G,FUN SNAX CHEESE BALLS PARTY PACK 100G,0,0,26,1,6.154E+12,6.154E+12,,,,,,,,
4262,,CONFECTIONARIES & BAKING,FUN SNAX CHEESE BALLS FAMILY PACK 35G,FUN SNAX CHEESE BALLS FAMILY PACK 35G,0,0,187,1,6.154E+12,6.154E+12,,,,,,,,
4263,,CONFECTIONARIES & BAKING,FUNSNAX POP CORN PARTY PARK 70G,FUNSNAX POP CORN PARTY PARK 70G,0,0,22,1,6.154E+12,6.154E+12,,,,,,,,
4270,,CONFECTIONARIES & BAKING,GOLDEN PENNY MAYORNAISE 450G,GOLDEN PENNY MAYORNAISE 450G,0,0,15,1,6.154E+12,6.154E+12,,,,,,,,
4271,,CONFECTIONARIES & BAKING,OXFORD CABIN BISCUITS 350G,OXFORD CABIN BISCUITS 350G,0,0,11,1,6.154E+12,6.154E+12,,,,,,,,
4276,,CONFECTIONARIES & BAKING,CHUPA CHUPS BUBBLE GUM LOLLIPOP 11G,CHUPA CHUPS BUBBLE GUM LOLLIPOP 11G,0,0,1676,1,6.154E+12,6.154E+12,,,,,,,,
4278,,CONFECTIONARIES & BAKING,ALPENLIEBE ECLAIRS CHOCOLATE CHEWY CANDY 50PCS BY,ALPENLIEBE ECLAIRS CHOCOLATE CHEWY CANDY 50PCS BY,0,0,1401,1,6.154E+12,6.154E+12,,,,,,,,
4279,,CONFECTIONARIES & BAKING,CHUPA CHUPS COTTON GUM WATERMELON 11G,CHUPA CHUPS COTTON GUM WATERMELON 11G,0,0,1,1,6.154E+12,6.154E+12,,,,,,,,
4283,,CONFECTIONARIES & BAKING,YALE SUPREME DIGESTIVE CHOCO CHIP 50G,YALE SUPREME DIGESTIVE CHOCO CHIP 50G,0,0,48,1,6.154E+12,6.154E+12,,,,,,,,
4284,,CONFECTIONARIES & BAKING,YALE MUNCHKINGS CHOCO CHIP BISCUIT 120G,YALE MUNCHKINGS CHOCO CHIP BISCUIT 120G,0,0,59,1,6.154E+12,6.154E+12,,,,,,,,
4287,,CONFECTIONARIES & BAKING,YALE XTREME GRABnGO CRUNCHY CHOCOLATE CEREAL BAR 4,YALE XTREME GRABnGO CRUNCHY CHOCOLATE CEREAL BAR 4,0,0,178,1,6.154E+12,6.154E+12,,,,,,,,
4289,,CONFECTIONARIES & BAKING,KELLOGG'S CORN FLAKES POUNCH 900G,KELLOGG'S CORN FLAKES POUNCH 900G,0,0,12,1,6.154E+12,6.154E+12,,,,,,,,
4291,,CONFECTIONARIES & BAKING,CHIC CHOC DOUBLE CREAM STRAWBERRY VANILLA BISCUIT,CHIC CHOC DOUBLE CREAM STRAWBERRY VANILLA BISCUIT,0,0,119,1,6.154E+12,6.154E+12,,,,,,,,
4292,,CONFECTIONARIES & BAKING,GOOD TIME BANAN FLAVOUR SHORTCAKE,GOOD TIME BANAN FLAVOUR SHORTCAKE,0,0,12,1,6.154E+12,6.154E+12,,,,,,,,
4297,,CONFECTIONARIES & BAKING,CHIC CHOC BANANA CREAM BISCUIT 26G,CHIC CHOC BANANA CREAM BISCUIT 26G,0,0,46,1,6.154E+12,6.154E+12,,,,,,,,
4300,,CONFECTIONARIES & BAKING,CHIC CHOC VANILLA CREAM BISCUIT 26G,CHIC CHOC VANILLA CREAM BISCUIT 26G,0,0,37,1,6.154E+12,6.154E+12,,,,,,,,
4302,,CONFECTIONARIES & BAKING,MUNCH IT SWEET SURPRISE CRUNCHY SNACKS 100G,MUNCH IT SWEET SURPRISE CRUNCHY SNACKS 100G,0,0,4,1,6.154E+12,6.154E+12,,,,,,,,
4305,,CONFECTIONARIES & BAKING,OXFORD CHOCO NUT COOKIES 75G,OXFORD CHOCO NUT COOKIES 75G,0,0,41,1,6.154E+12,6.154E+12,,,,,,,,
4307,,CONFECTIONARIES & BAKING,OXFORD CRUNCHY ORANGE FLAVOURED BISCUITS 35G,OXFORD CRUNCHY ORANGE FLAVOURED BISCUITS 35G,0,0,36,1,6.154E+12,6.154E+12,,,,,,,,
4309,,CONFECTIONARIES & BAKING,MCVITIES GINGER NUTS 60G,MCVITIES GINGER NUTS 60G,0,0,1,1,6.154E+12,6.154E+12,,,,,,,,
431,,PROVISIONS,BELMART MILK CHOCOLATE OATIES 300G,BELMART MILK CHOCOLATE OATIES 300G,0,0,6,1,4.0886E+12,4.0886E+12,,,,,,,,
4312,,CONFECTIONARIES & BAKING,YALE'S RICH SHORTBREAD BISCUIT 105G,YALE'S RICH SHORTBREAD BISCUIT 105G,0,0,31,1,6.156E+12,6.156E+12,,,,,,,,
4315,,CONFECTIONARIES & BAKING,BROWNY CHOCO RICH BISCUITS,BROWNY CHOCO RICH BISCUITS,0,0,28,1,6.156E+12,6.156E+12,,,,,,,,
4317,,CONFECTIONARIES & BAKING,HAFFINIQUE PEANUTS 510G,HAFFINIQUE PEANUTS 510G,0,0,9,1,6.156E+12,6.156E+12,,,,,,,,
4318,,CONFECTIONARIES & BAKING,INFINITY MAGIC CRUNCH 350G,INFINITY MAGIC CRUNCH 350G,0,0,6,1,6.156E+12,6.156E+12,,,,,,,,
4319,,CONFECTIONARIES & BAKING,OXFORD CABIN BISCUITS 100G,OXFORD CABIN BISCUITS 100G,0,0,14,1,6.156E+12,6.156E+12,,,,,,,,
4321,,CONFECTIONARIES & BAKING,YALE SPICYFISH FLAVOURED CAKE,YALE SPICYFISH FLAVOURED CAKE,0,0,33,1,6.156E+12,6.156E+12,,,,,,,,
4323,,CONFECTIONARIES & BAKING,MINIMIE NAIJA PEPPER NOODLES 70G,MINIMIE NAIJA PEPPER NOODLES 70G,0,0,105,1,6.156E+12,6.156E+12,,,,,,,,
4324,,CONFECTIONARIES & BAKING,EXECUTIVE CHOICE SALTED CASHEW NUTS BOTTLE 500G,EXECUTIVE CHOICE SALTED CASHEW NUTS BOTTLE 500G,0,0,13,1,6.156E+12,6.156E+12,,,,,,,,
4325,,CONFECTIONARIES & BAKING,EXECUTIVE CHOICE HONEY TINTED CASHEW NUTS 500G,EXECUTIVE CHOICE HONEY TINTED CASHEW NUTS 500G,0,0,14,1,6.156E+12,6.156E+12,,,,,,,,
4326,,CONFECTIONARIES & BAKING,EXECUTIVE CHOICE HOT & SPICY CASHEW NUTS TIN 320G,EXECUTIVE CHOICE HOT & SPICY CASHEW NUTS TIN 320G,0,0,15,1,6.156E+12,6.156E+12,,,,,,,,
4327,,CONFECTIONARIES & BAKING,EXECUTIVE CHOICE SALTED CASHEW NUTS TIN 320G,EXECUTIVE CHOICE SALTED CASHEW NUTS TIN 320G,0,0,4,1,6.156E+12,6.156E+12,,,,,,,,
4328,,CONFECTIONARIES & BAKING,EXECUTIVE CHOICE DRIED ROASTED (UNSALTED) CASHEW N,EXECUTIVE CHOICE DRIED ROASTED (UNSALTED) CASHEW N,0,0,4,1,6.156E+12,6.156E+12,,,,,,,,
4329,,CONFECTIONARIES & BAKING,EXECUTIVE CHOICE HONEY TINTED CASHEW NUTS TIN 320G,EXECUTIVE CHOICE HONEY TINTED CASHEW NUTS TIN 320G,0,0,12,1,6.156E+12,6.156E+12,,,,,,,,
4333,,CONFECTIONARIES & BAKING,EXECUTIVE CHOICE CASHEW NUT DRIED ROASTED TIN 160G,EXECUTIVE CHOICE CASHEW NUT DRIED ROASTED TIN 160G,0,0,1,1,6.156E+12,6.156E+12,,,,,,,,
4334,,CONFECTIONARIES & BAKING,EXECUTIVE CHOICE CASHEW NUT HONEY TINTED 160G,EXECUTIVE CHOICE CASHEW NUT HONEY TINTED 160G,0,0,13,1,6.156E+12,6.156E+12,,,,,,,,
4335,,CONFECTIONARIES & BAKING,EXECUTIVE CHOICE SALTED CASHEW NUTS 160G TIN,EXECUTIVE CHOICE SALTED CASHEW NUTS 160G TIN,0,0,1,1,6.156E+12,6.156E+12,,,,,,,,
4336,,CONFECTIONARIES & BAKING,EXECUTIVE CHOICE CASHEWS UNSALTED BOTTLE 255G,EXECUTIVE CHOICE CASHEWS UNSALTED BOTTLE 255G,0,0,12,1,6.156E+12,6.156E+12,,,,,,,,
4337,,CONFECTIONARIES & BAKING,EXECUTIVE CHOICE HONEY TINTED CASHEW NUTS 255G,EXECUTIVE CHOICE HONEY TINTED CASHEW NUTS 255G,0,0,4,1,6.156E+12,6.156E+12,,,,,,,,
4338,,CONFECTIONARIES & BAKING,EXECUTIVE CHOICE SALTED CASHEW NUTS BOTTLE 255G,EXECUTIVE CHOICE SALTED CASHEW NUTS BOTTLE 255G,0,0,13,1,6.156E+12,6.156E+12,,,,,,,,
4339,,CONFECTIONARIES & BAKING,EXECUTIVE CHOICE CASHEW NUT UNSALTED BOTTLE 500G,EXECUTIVE CHOICE CASHEW NUT UNSALTED BOTTLE 500G,0,0,1,1,6.156E+12,6.156E+12,,,,,,,,
4340,,CONFECTIONARIES & BAKING,YALE NICE BISCUITS,YALE NICE BISCUITS,0,0,33,1,6.156E+12,6.156E+12,,,,,,,,
4341,,CONFECTIONARIES & BAKING,YALE CABIN LUCKY BISCUITS,YALE CABIN LUCKY BISCUITS,0,0,215,1,6.156E+12,6.156E+12,,,,,,,,
4342,,CONFECTIONARIES & BAKING,YALE CABIN BISCUITS 450G,YALE CABIN BISCUITS 450G,0,0,11,1,6.156E+12,6.156E+12,,,,,,,,
4344,,CONFECTIONARIES & BAKING,OK FOODS PICNIC SHORTBREAD 46G,OK FOODS PICNIC SHORTBREAD 46G,0,0,284,1,6.156E+12,6.156E+12,,,,,,,,
4345,,CONFECTIONARIES & BAKING,COOKIENUT COCONUT COOKIES 40G,COOKIENUT COCONUT COOKIES 40G,0,0,39,1,6.156E+12,6.156E+12,,,,,,,,
4351,,CONFECTIONARIES & BAKING,MINIMIE CHINCHIN SNACK JAR 900G,MINIMIE CHINCHIN SNACK JAR 900G,0,0,17,1,6.156E+12,6.156E+12,,,,,,,,
4352,,CONFECTIONARIES & BAKING,MINIMIES CHINCHIN BOKU PACK ORIGINAL 100G,MINIMIES CHINCHIN BOKU PACK ORIGINAL 100G,0,0,312,1,6.156E+12,6.156E+12,,,,,,,,
4353,,CONFECTIONARIES & BAKING,NUTZY PEANUT 50G,NUTZY PEANUT 50G,0,0,59,1,6.156E+12,6.156E+12,,,,,,,,
4354,,CONFECTIONARIES & BAKING,DE MILLER CLASSIC PEANUT 50G,DE MILLER CLASSIC PEANUT 50G,0,0,1,1,6.156E+12,6.156E+12,,,,,,,,
4355,,CONFECTIONARIES & BAKING,TIGER CURRY MASALA 20G,TIGER CURRY MASALA 20G,0,0,5,1,6.156E+12,6.156E+12,,,,,,,,
4356,,CONFECTIONARIES & BAKING,SO YUMMY CARAMEL POPCORN 55G,SO YUMMY CARAMEL POPCORN 55G,0,0,170,1,6.156E+12,6.156E+12,,,,,,,,
4357,,CONFECTIONARIES & BAKING,SO YUMMY CARAMEL POPCORN 30G,SO YUMMY CARAMEL POPCORN 30G,0,0,159,1,6.156E+12,6.156E+12,,,,,,,,
4359,,CONFECTIONARIES & BAKING,NIBBLE DEOILED PLANTAIN CRISPS (SUYA SPICE) 80G,NIBBLE DEOILED PLANTAIN CRISPS (SUYA SPICE) 80G,0,0,59,1,6.156E+12,6.156E+12,,,,,,,,
4360,,CONFECTIONARIES & BAKING,NIBBLE DEOILED PLANTAIN CRISPS(LIGHTLY SALTED) 80G,NIBBLE DEOILED PLANTAIN CRISPS(LIGHTLY SALTED) 80G,0,0,34,1,6.156E+12,6.156E+12,,,,,,,,
4361,,CONFECTIONARIES & BAKING,NIBBLE DEOILED PLANTAIN CRISPS (CINNAMON SPICE) 80,NIBBLE DEOILED PLANTAIN CRISPS (CINNAMON SPICE) 80,0,0,79,1,6.156E+12,6.156E+12,,,,,,,,
4362,,CONFECTIONARIES & BAKING,NIBBLE DEOILED PLANTAIN CRISPS (GINGER AND GARLIC,NIBBLE DEOILED PLANTAIN CRISPS (GINGER AND GARLIC,0,0,71,1,6.156E+12,6.156E+12,,,,,,,,
4363,,CONFECTIONARIES & BAKING,DAMBOLS FOODS PLANTAIN CHIPS JAR 450G,DAMBOLS FOODS PLANTAIN CHIPS JAR 450G,0,0,13,1,6.156E+12,6.156E+12,,,,,,,,
4367,,CONFECTIONARIES & BAKING,DAMBOLS FOODS PLANTAIN CHIPS POUNCH 320G,DAMBOLS FOODS PLANTAIN CHIPS POUNCH 320G,0,0,18,1,6.156E+12,6.156E+12,,,,,,,,
4368,,CONFECTIONARIES & BAKING,DAMBOLS FOODS CHINCHIN JAR 550G,DAMBOLS FOODS CHINCHIN JAR 550G,0,0,4,1,6.156E+12,6.156E+12,,,,,,,,
4370,,CONFECTIONARIES & BAKING,PALM FLOURISH RIPE PLANTAIN CHIPS 500G,PALM FLOURISH RIPE PLANTAIN CHIPS 500G,0,0,78,1,6.156E+12,6.156E+12,,,,,,,,
4371,,CONFECTIONARIES & BAKING,NIBBLE DEOILED SWEET POTATO CRISPS(MIXED SPICES) 7,NIBBLE DEOILED SWEET POTATO CRISPS(MIXED SPICES) 7,0,0,38,1,6.156E+12,6.156E+12,,,,,,,,
4372,,CONFECTIONARIES & BAKING,NIBBLE DEOILED SWEET POTATO(LIGHTLY SALTED)70G,NIBBLE DEOILED SWEET POTATO(LIGHTLY SALTED)70G,0,0,4,1,6.156E+12,6.156E+12,,,,,,,,
4373,,CONFECTIONARIES & BAKING,NIBBLE DEOILED SWEET POTATO CRISPS(BARBEQUE) 70G,NIBBLE DEOILED SWEET POTATO CRISPS(BARBEQUE) 70G,0,0,30,1,6.156E+12,6.156E+12,,,,,,,,
4374,,CONFECTIONARIES & BAKING,NIBBLE DEOILED SWEET POTATO CRISPS(SPICY) 70G,NIBBLE DEOILED SWEET POTATO CRISPS(SPICY) 70G,0,0,64,1,6.156E+12,6.156E+12,,,,,,,,
4375,,CONFECTIONARIES & BAKING,SUNWARD PLANTAIN CHIPS RIPE POUNCH 300G,SUNWARD PLANTAIN CHIPS RIPE POUNCH 300G,0,0,20,1,6.156E+12,6.156E+12,,,,,,,,
4376,,CONFECTIONARIES & BAKING,SUNWARD PLANTAIN CHIPS JAR 500G,SUNWARD PLANTAIN CHIPS JAR 500G,0,0,34,1,6.156E+12,6.156E+12,,,,,,,,
4377,,CONFECTIONARIES & BAKING,SUNWARD PLANTAIN CHIPS RIPE POUNCH 400G,SUNWARD PLANTAIN CHIPS RIPE POUNCH 400G,0,0,23,1,6.156E+12,6.156E+12,,,,,,,,
4379,,CONFECTIONARIES & BAKING,UTTERLY YUM DRIED PINEAPPLE CHIPS 50G,UTTERLY YUM DRIED PINEAPPLE CHIPS 50G,0,0,1,1,6.156E+12,6.156E+12,,,,,,,,
4380,,CONFECTIONARIES & BAKING,UTTERLY YUM DRIED PINEAPPLE & COCONUT CHIPS 50G,UTTERLY YUM DRIED PINEAPPLE & COCONUT CHIPS 50G,0,0,6,1,6.156E+12,6.156E+12,,,,,,,,
4381,,CONFECTIONARIES & BAKING,UTTERLY YUM DRIED FRUIT & NUT FUSION CHIPS 50G,UTTERLY YUM DRIED FRUIT & NUT FUSION CHIPS 50G,0,0,2,1,6.156E+12,6.156E+12,,,,,,,,
4386,,CONFECTIONARIES & BAKING,RICH N FULL BUTTER COOKIERS 350G,RICH N FULL BUTTER COOKIERS 350G,0,0,12,1,6.156E+12,6.156E+12,,,,,,,,
4388,,CONFECTIONARIES & BAKING,M&W NUT GOURMET CHASHEWS ROASTED WITH COCONUT 50G,M&W NUT GOURMET CHASHEWS ROASTED WITH COCONUT 50G,0,0,1,1,6.156E+12,6.156E+12,,,,,,,,
4390,,CONFECTIONARIES & BAKING,GRANDMA'S CHINCHIN ORIGINAL 300G,GRANDMA'S CHINCHIN ORIGINAL 300G,0,0,23,1,6.156E+12,6.156E+12,,,,,,,,
4391,,CONFECTIONARIES & BAKING,GRANDMA'S CHINCHIN VANILLA 300G,GRANDMA'S CHINCHIN VANILLA 300G,0,0,23,1,6.156E+12,6.156E+12,,,,,,,,
4392,,CONFECTIONARIES & BAKING,GRANDMA'S CHINCHIN COCONUT 300G,GRANDMA'S CHINCHIN COCONUT 300G,0,0,6,1,6.156E+12,6.156E+12,,,,,,,,
4399,,CONFECTIONARIES & BAKING,GREENBASKIT DONKWWA ENERGY BALLS BROWN SUGAR 275G,GREENBASKIT DONKWWA ENERGY BALLS BROWN SUGAR 275G,0,0,12,1,6.156E+12,6.156E+12,,,,,,,,
44,,VILLAGE MARKET,5GEL YELLOW GARRI 1KG,5GEL YELLOW GARRI 1KG,0,0,11,1,54114,54114,,,,,,,,
4400,,CONFECTIONARIES & BAKING,GREENBASKIT DONKWA ENERGY BALLS WITH DATES 275G,GREENBASKIT DONKWA ENERGY BALLS WITH DATES 275G,0,0,13,1,6.156E+12,6.156E+12,,,,,,,,
4402,,CONFECTIONARIES & BAKING,GREENBASKIT NATURE'S SESAME BITTLE 125G,GREENBASKIT NATURE'S SESAME BITTLE 125G,0,0,3,1,6.156E+12,6.156E+12,,,,,,,,
4403,,CONFECTIONARIES & BAKING,GREENBASKIT NATURE'S COCONUT CLUSTERS 136G,GREENBASKIT NATURE'S COCONUT CLUSTERS 136G,0,0,1,1,6.156E+12,6.156E+12,,,,,,,,
4406,,CONFECTIONARIES & BAKING,DAMBOLS FOODS PLANTAIN CHIPS JAR UNSWEETENED 450G,DAMBOLS FOODS PLANTAIN CHIPS JAR UNSWEETENED 450G,0,0,8,1,6.156E+12,6.156E+12,,,,,,,,
4407,,CONFECTIONARIES & BAKING,FARM FRESH HIBISCUS HONEY 350ML,FARM FRESH HIBISCUS HONEY 350ML,0,0,3,1,6.156E+12,6.156E+12,,,,,,,,
441,,PROVISIONS,MILLVILLE ROLLED OATS QUICKCOOK 1.19KG,MILLVILLE ROLLED OATS QUICKCOOK 1.19KG,0,0,6,1,4.0991E+12,4.0991E+12,,,,,,,,
4410,,CONFECTIONARIES & BAKING,GALA CHINCHIN SACHET 60G,GALA CHINCHIN SACHET 60G,0,0,12,1,6.156E+12,6.156E+12,,,,,,,,
4411,,CONFECTIONARIES & BAKING,CHAMPIONS CASHEW NUT BOTTLE 450G,CHAMPIONS CASHEW NUT BOTTLE 450G,0,0,8,1,6.156E+12,6.156E+12,,,,,,,,
4415,,CONFECTIONARIES & BAKING,ANNE SWEET CHIN-CHIN 1KG,ANNE SWEET CHIN-CHIN 1KG,0,0,17,1,6.156E+12,6.156E+12,,,,,,,,
4416,,CONFECTIONARIES & BAKING,ANNE SWEET PLANTAIN CHIPS 500G,ANNE SWEET PLANTAIN CHIPS 500G,0,0,8,1,6.156E+12,6.156E+12,,,,,,,,
442,,PROVISIONS,MILLVILLE ROLLED OATS OLD FASHIONED 1.19KG,MILLVILLE ROLLED OATS OLD FASHIONED 1.19KG,0,0,4,1,4.0991E+12,4.0991E+12,,,,,,,,
4421,,CONFECTIONARIES & BAKING,SIMIES PLANTAIN CHIPS JAR 500G,SIMIES PLANTAIN CHIPS JAR 500G,0,0,27,1,6.156E+12,6.156E+12,,,,,,,,
4426,,CONFECTIONARIES & BAKING,AMERICAN GOURMET PANCAKE SYRUP 355ML,AMERICAN GOURMET PANCAKE SYRUP 355ML,0,0,1,1,6.17286E+11,6.17286E+11,,,,,,,,
4429,,CONFECTIONARIES & BAKING,KIF BINTO CHOCOLATE BISCUIT 150G,KIF BINTO CHOCOLATE BISCUIT 150G,0,0,1,1,6.194E+12,6.194E+12,,,,,,,,
4434,,CONFECTIONARIES & BAKING,PLACHENS CHINCHIN POUCH (SMALL),PLACHENS CHINCHIN POUCH (SMALL),0,0,5,1,6.20945E+12,6.20945E+12,,,,,,,,
4438,,CONFECTIONARIES & BAKING,GABBY'S ORGANIC PISTACHIOS SEEDS 400G,GABBY'S ORGANIC PISTACHIOS SEEDS 400G,0,0,9,1,6.25145E+12,6.25145E+12,,,,,,,,
4439,,CONFECTIONARIES & BAKING,VITANA BRAN DIGESTIVE WHEAT BRAN 175G,VITANA BRAN DIGESTIVE WHEAT BRAN 175G,0,0,5,1,6.26E+12,6.26E+12,,,,,,,,
4441,,CONFECTIONARIES & BAKING,SHIRIN ASAL POPEL COOKIES COCONUT COMPOUND CHIPS 1,SHIRIN ASAL POPEL COOKIES COCONUT COMPOUND CHIPS 1,0,0,5,1,6.26115E+12,6.26115E+12,,,,,,,,
4442,,CONFECTIONARIES & BAKING,AVAND BISCUIT WITH ORANGE TASTE180G,AVAND BISCUIT WITH ORANGE TASTE180G,0,0,1,1,6.26176E+12,6.26176E+12,,,,,,,,
4443,,CONFECTIONARIES & BAKING,AVAND BISCUIT WITH BANANA TASTE180G,AVAND BISCUIT WITH BANANA TASTE180G,0,0,1,1,6.26176E+12,6.26176E+12,,,,,,,,
4445,,CONFECTIONARIES & BAKING,TIFFANY GLUCOSE MILK AND HONEY BISCUIT 10X40G 400G,TIFFANY GLUCOSE MILK AND HONEY BISCUIT 10X40G 400G,0,0,5,1,6.291E+12,6.291E+12,,,,,,,,
4446,,CONFECTIONARIES & BAKING,TIFFANY EVERYDAY NICE SUGAR SPRINKLED BISCUIT 10X4,TIFFANY EVERYDAY NICE SUGAR SPRINKLED BISCUIT 10X4,0,0,1,1,6.291E+12,6.291E+12,,,,,,,,
4447,,CONFECTIONARIES & BAKING,TIFFANY MILK PROTEIN BISCUITS 10X40G 400G,TIFFANY MILK PROTEIN BISCUITS 10X40G 400G,0,0,80,1,6.291E+12,6.291E+12,,,,,,,,
4448,,CONFECTIONARIES & BAKING,TIFFANY CREAMS STRAWBERRY 80G,TIFFANY CREAMS STRAWBERRY 80G,0,0,1,1,6.291E+12,6.291E+12,,,,,,,,
4449,,CONFECTIONARIES & BAKING,TIFFANY CREAMS VANILLA 80G,TIFFANY CREAMS VANILLA 80G,0,0,5,1,6.291E+12,6.291E+12,,,,,,,,
4450,,CONFECTIONARIES & BAKING,TIFFANY CREAMS COCONUT 80G,TIFFANY CREAMS COCONUT 80G,0,0,5,1,6.291E+12,6.291E+12,,,,,,,,
4451,,CONFECTIONARIES & BAKING,TIFFANY CREAMS CHOCOLATE 80G,TIFFANY CREAMS CHOCOLATE 80G,0,0,1,1,6.291E+12,6.291E+12,,,,,,,,
4452,,CONFECTIONARIES & BAKING,TIFFANY STRAWBERRY WAFER 153G,TIFFANY STRAWBERRY WAFER 153G,0,0,6,1,6.291E+12,6.291E+12,,,,,,,,
4453,,CONFECTIONARIES & BAKING,TIFFANY ORANGE WAFER 153G,TIFFANY ORANGE WAFER 153G,0,0,5,1,6.291E+12,6.291E+12,,,,,,,,
4454,,CONFECTIONARIES & BAKING,TIFFANY VANILLA WAFER 153G,TIFFANY VANILLA WAFER 153G,0,0,6,1,6.291E+12,6.291E+12,,,,,,,,
4455,,CONFECTIONARIES & BAKING,TIFFANY CHUNKO'S CHOCO CHIPS COOKIES 43G,TIFFANY CHUNKO'S CHOCO CHIPS COOKIES 43G,0,0,11,1,6.291E+12,6.291E+12,,,,,,,,
4456,,CONFECTIONARIES & BAKING,TIFFANY GOTCHA CHOCOLATE FLAVOURED SANDWICH BISCUI,TIFFANY GOTCHA CHOCOLATE FLAVOURED SANDWICH BISCUI,0,0,42,1,6.291E+12,6.291E+12,,,,,,,,
4457,,CONFECTIONARIES & BAKING,TIFFANY GOTCHA MILK FLAVOURED SANDWICH BISCUIT 30G,TIFFANY GOTCHA MILK FLAVOURED SANDWICH BISCUIT 30G,0,0,50,1,6.291E+12,6.291E+12,,,,,,,,
4459,,CONFECTIONARIES & BAKING,TIFFANY MILK HIGH PROTEIN BISCUITS 40G,TIFFANY MILK HIGH PROTEIN BISCUITS 40G,0,0,42,1,6.291E+12,6.291E+12,,,,,,,,
4460,,CONFECTIONARIES & BAKING,TIFFANY CREAMS DUET CHOCOLATE &VANILLA 80G,TIFFANY CREAMS DUET CHOCOLATE &VANILLA 80G,0,0,12,1,6.291E+12,6.291E+12,,,,,,,,
4468,,CONFECTIONARIES & BAKING,BRITANNIA GOOD DAY CHUNKIES CHOCO CHIP 125G,BRITANNIA GOOD DAY CHUNKIES CHOCO CHIP 125G,0,0,6,1,6.29101E+12,6.29101E+12,,,,,,,,
4469,,CONFECTIONARIES & BAKING,BRITANNIA THE ORIGINAL BOURBON CHOCOLATE CREAM BIS,BRITANNIA THE ORIGINAL BOURBON CHOCOLATE CREAM BIS,0,0,27,1,6.29101E+12,6.29101E+12,,,,,,,,
447,,PROVISIONS,QUALITEA GREEN TEA 50G,QUALITEA GREEN TEA 50G,0,0,5,1,4.79101E+12,4.79101E+12,,,,,,,,
4472,,CONFECTIONARIES & BAKING,SNACK TIMES CROISSANT CHOCOLATE HAZELNUT 50G,SNACK TIMES CROISSANT CHOCOLATE HAZELNUT 50G,0,0,48,1,6.2911E+12,6.2911E+12,,,,,,,,
4480,,CONFECTIONARIES & BAKING,NASCO CORNFLAKES BANANA 350G,NASCO CORNFLAKES BANANA 350G,0,0,14,1,6.3011E+12,6.3011E+12,,,,,,,,
4481,,CONFECTIONARIES & BAKING,NASCO CONFLAKES VANILLA 350G,NASCO CONFLAKES VANILLA 350G,0,0,7,1,6.3011E+12,6.3011E+12,,,,,,,,
4483,,CONFECTIONARIES & BAKING,FOWA FOODS FLAX SEED 250G,FOWA FOODS FLAX SEED 250G,0,0,5,1,6.30607E+11,6.30607E+11,,,,,,,,
4484,,CONFECTIONARIES & BAKING,DIVINE PEANUT CRACKERS KULI KULI SATCHET,DIVINE PEANUT CRACKERS KULI KULI SATCHET,0,0,30,1,6.30902E+11,6.30902E+11,,,,,,,,
449,,PROVISIONS,IMPRA BLACK TEA MINT 60G,IMPRA BLACK TEA MINT 60G,0,0,1,1,4.79102E+12,4.79102E+12,,,,,,,,
4490,,CONFECTIONARIES & BAKING,KENNIS CASHEW NUTS ROASTED CINNAMON 500G,KENNIS CASHEW NUTS ROASTED CINNAMON 500G,0,0,5,1,6.30902E+11,6.30902E+11,,,,,,,,
4491,,CONFECTIONARIES & BAKING,DE CEDARS CHINCHIN 750G,DE CEDARS CHINCHIN 750G,0,0,14,1,6.31391E+11,6.31391E+11,,,,,,,,
4492,,CONFECTIONARIES & BAKING,DE CEDARS PLANTAIN CHIPS RIPE / UNRIPE 600G,DE CEDARS PLANTAIN CHIPS RIPE / UNRIPE 600G,0,0,131,1,6.31391E+11,6.31391E+11,,,,,,,,
4495,,CONFECTIONARIES & BAKING,DEWLONSE POTATO CHIPS 300G,DEWLONSE POTATO CHIPS 300G,0,0,5,1,6.37095E+12,6.37095E+12,,,,,,,,
4498,,CONFECTIONARIES & BAKING,MENU K SUKLAACOOKIE CHOKLADCOOKIES 150G,MENU K SUKLAACOOKIE CHOKLADCOOKIES 150G,0,0,12,1,6.41041E+12,6.41041E+12,,,,,,,,
45,,VILLAGE MARKET,5GEL YELLOW GARRI 2KG,5GEL YELLOW GARRI 2KG,0,0,11,1,54415,54415,,,,,,,,
4500,,CONFECTIONARIES & BAKING,POP STAR POPCORN 50G,POP STAR POPCORN 50G,0,0,50,1,6.42782E+11,6.42782E+11,,,,,,,,
4501,,CONFECTIONARIES & BAKING,YUMMY PLANTAIN CHIPS 500G,YUMMY PLANTAIN CHIPS 500G,0,0,16,1,6.42782E+11,6.42782E+11,,,,,,,,
4503,,CONFECTIONARIES & BAKING,DE CEDARS POTATO CHIPS JAR 600G,DE CEDARS POTATO CHIPS JAR 600G,0,0,3,1,6.46666E+11,6.46666E+11,,,,,,,,
4506,,CONFECTIONARIES & BAKING,BORDER CHOCOLATEY COOKIES 30G,BORDER CHOCOLATEY COOKIES 30G,0,0,4,1,6.52655E+11,6.52655E+11,,,,,,,,
4507,,CONFECTIONARIES & BAKING,BORDER GOLDEN OAT CRUMBLES BIS 30G,BORDER GOLDEN OAT CRUMBLES BIS 30G,0,0,1,1,6.52655E+11,6.52655E+11,,,,,,,,
4508,,CONFECTIONARIES & BAKING,HERBAL TEA BLOOD PURIFIER 40G,HERBAL TEA BLOOD PURIFIER 40G,0,0,3,1,6.56501E+11,6.56501E+11,,,,,,,,
4509,,CONFECTIONARIES & BAKING,BAIESY ALL NATURAL DRIED HIBISCUS INFUSION 20G,BAIESY ALL NATURAL DRIED HIBISCUS INFUSION 20G,0,0,6,1,6.59859E+11,6.59859E+11,,,,,,,,
451,,PROVISIONS,IMPRA TEA BLACK TEA APPLE CINNAMON 60G,IMPRA TEA BLACK TEA APPLE CINNAMON 60G,0,0,5,1,4.79102E+12,4.79102E+12,,,,,,,,
4510,,CONFECTIONARIES & BAKING,TONEE FRIED UKWA 500GRM,TONEE FRIED UKWA 500GRM,0,0,11,1,6602165452,6602165452,,,,,,,,
4512,,CONFECTIONARIES & BAKING,ISY ROYAL COATED PEANUTS 300G,ISY ROYAL COATED PEANUTS 300G,0,0,3,1,6.69465E+11,6.69465E+11,,,,,,,,
4513,,CONFECTIONARIES & BAKING,GABS CASHEW NUTS 450G,GABS CASHEW NUTS 450G,0,0,2,1,6.69855E+12,6.69855E+12,,,,,,,,
4515,,CONFECTIONARIES & BAKING,GOD IS GREAT ROASTED WHOLE CASHEW NUTS BOTTLE 450G,GOD IS GREAT ROASTED WHOLE CASHEW NUTS BOTTLE 450G,0,0,11,1,6.78932E+12,6.78932E+12,,,,,,,,
4517,,CONFECTIONARIES & BAKING,REELFRUIT GENTLY DRIED MANGO 50G,REELFRUIT GENTLY DRIED MANGO 50G,0,0,23,1,6.8057E+11,6.8057E+11,,,,,,,,
4518,,CONFECTIONARIES & BAKING,REELFRUIT GENTLY DRIED PINEAPPLE 100G,REELFRUIT GENTLY DRIED PINEAPPLE 100G,0,0,12,1,6.8057E+11,6.8057E+11,,,,,,,,
4519,,CONFECTIONARIES & BAKING,REELFRUIT GENTLY DRIED MANGO 100G,REELFRUIT GENTLY DRIED MANGO 100G,0,0,12,1,6.8057E+11,6.8057E+11,,,,,,,,
452,,PROVISIONS,IMPRA GREEN TEA GINGER 60G,IMPRA GREEN TEA GINGER 60G,0,0,9,1,4.79102E+12,4.79102E+12,,,,,,,,
4527,,CONFECTIONARIES & BAKING,FINE FAIR UK ORIGINAL CREAM CRACKERS BISCUIT 200G,FINE FAIR UK ORIGINAL CREAM CRACKERS BISCUIT 200G,0,0,1,1,6.90113E+12,6.90113E+12,,,,,,,,
4528,,CONFECTIONARIES & BAKING,McJACOB'S WATER CRACKER 200G,McJACOB'S WATER CRACKER 200G,0,0,16,1,6.90113E+12,6.90113E+12,,,,,,,,
453,,PROVISIONS,IMPRA GREEN TEA GINSENG 60G,IMPRA GREEN TEA GINSENG 60G,0,0,4,1,4.79102E+12,4.79102E+12,,,,,,,,
4534,,CONFECTIONARIES & BAKING,OGL NUTS BUTTER SHORTBREAD 150G,OGL NUTS BUTTER SHORTBREAD 150G,0,0,19,1,6.91135E+12,6.91135E+12,,,,,,,,
4535,,CONFECTIONARIES & BAKING,OGL CRANBERRY BUTTER SHORTBREAD 150G,OGL CRANBERRY BUTTER SHORTBREAD 150G,0,0,20,1,6.91135E+12,6.91135E+12,,,,,,,,
4536,,CONFECTIONARIES & BAKING,OGL MILKY BUTTER SHORTBREAD 150G,OGL MILKY BUTTER SHORTBREAD 150G,0,0,8,1,6.91135E+12,6.91135E+12,,,,,,,,
4539,,CONFECTIONARIES & BAKING,OGL BUTTER SHORTBREAD 102G,OGL BUTTER SHORTBREAD 102G,0,0,23,1,6.91135E+12,6.91135E+12,,,,,,,,
4540,,CONFECTIONARIES & BAKING,OGL COCONUT BUTTER SHORTBREAD 205G,OGL COCONUT BUTTER SHORTBREAD 205G,0,0,36,1,6.91135E+12,6.91135E+12,,,,,,,,
4541,,CONFECTIONARIES & BAKING,HEINZ B B Q SAUCE HONEY &GARLIC 600G,HEINZ B B Q SAUCE HONEY &GARLIC 600G,0,0,2,1,6.91166E+12,6.91166E+12,,,,,,,,
4542,,CONFECTIONARIES & BAKING,NAVIGABLE ONION CRACKERS 200G,NAVIGABLE ONION CRACKERS 200G,0,0,15,1,6.91905E+12,6.91905E+12,,,,,,,,
4545,,CONFECTIONARIES & BAKING,ERKO MALLOW WORLD PINK & WHITE 150G,ERKO MALLOW WORLD PINK & WHITE 150G,0,0,26,1,6.92593E+12,6.92593E+12,,,,,,,,
455,,PROVISIONS,SAMIRA GREEN TEA LEMON & GINGER 50G,SAMIRA GREEN TEA LEMON & GINGER 50G,0,0,3,1,4.79105E+12,4.79105E+12,,,,,,,,
4550,,CONFECTIONARIES & BAKING,ORIGINAL ONION CRACKERS 200G,ORIGINAL ONION CRACKERS 200G,0,0,16,1,6.92677E+12,6.92677E+12,,,,,,,,
4551,,CONFECTIONARIES & BAKING,ORIGINAL ONION CRACKERS 100G,ORIGINAL ONION CRACKERS 100G,0,0,16,1,6.92677E+12,6.92677E+12,,,,,,,,
4556,,CONFECTIONARIES & BAKING,VGC ORIGINAL RICH IN CALCIUM MILK SODA CRACKER 100,VGC ORIGINAL RICH IN CALCIUM MILK SODA CRACKER 100,0,0,22,1,6.92677E+12,6.92677E+12,,,,,,,,
4557,,CONFECTIONARIES & BAKING,MEIDAN MILK BUTTER CRACKER BISCUIT 500G,MEIDAN MILK BUTTER CRACKER BISCUIT 500G,0,0,7,1,6.92677E+12,6.92677E+12,,,,,,,,
4559,,CONFECTIONARIES & BAKING,LEGEND GINGER WITH BLACK SEED 2IN1 180G,LEGEND GINGER WITH BLACK SEED 2IN1 180G,0,0,7,1,6.9276E+12,6.9276E+12,,,,,,,,
4571,,CONFECTIONARIES & BAKING,WINS JOWN FAT BUSTER ULTIMATE DIET 250G,WINS JOWN FAT BUSTER ULTIMATE DIET 250G,0,0,3,1,6.93041E+12,6.93041E+12,,,,,,,,
4572,,CONFECTIONARIES & BAKING,LEGEND TEA &HEARBS SLIM.FAST MILK SHAK STRAW 250G,LEGEND TEA &HEARBS SLIM.FAST MILK SHAK STRAW 250G,0,0,3,1,6.93041E+12,6.93041E+12,,,,,,,,
4573,,CONFECTIONARIES & BAKING,SMILEY LIVER FLUSH TEA 40G,SMILEY LIVER FLUSH TEA 40G,0,0,3,1,6.94035E+12,6.94035E+12,,,,,,,,
4574,,CONFECTIONARIES & BAKING,SMILEY CHOLESTEROL CARE & B.P NORMALISING TEA 40G,SMILEY CHOLESTEROL CARE & B.P NORMALISING TEA 40G,0,0,2,1,6.94035E+12,6.94035E+12,,,,,,,,
4575,,CONFECTIONARIES & BAKING,AMOY FISH SAUCE 625ML,AMOY FISH SAUCE 625ML,0,0,7,1,6.94145E+12,6.94145E+12,,,,,,,,
4576,,CONFECTIONARIES & BAKING,FENG WEI YUAN COCONUT BISCUITS 16PCS BY 31.25G,FENG WEI YUAN COCONUT BISCUITS 16PCS BY 31.25G,0,0,3,1,6.94344E+12,6.94344E+12,,,,,,,,
4578,,CONFECTIONARIES & BAKING,FENG WEI YUAN ONION CRACKER 200G,FENG WEI YUAN ONION CRACKER 200G,0,0,41,1,6.94344E+12,6.94344E+12,,,,,,,,
4579,,CONFECTIONARIES & BAKING,FENG WEI YUAN MILK STICKS BISCUITS 100G,FENG WEI YUAN MILK STICKS BISCUITS 100G,0,0,89,1,6.94344E+12,6.94344E+12,,,,,,,,
4580,,CONFECTIONARIES & BAKING,FRANZZI NUT BUTTER COOKIES 100G,FRANZZI NUT BUTTER COOKIES 100G,0,0,24,1,6.94793E+12,6.94793E+12,,,,,,,,
4581,,CONFECTIONARIES & BAKING,FRANZZI CLASSIC SERIES CRANBERRY COOKIES 102G,FRANZZI CLASSIC SERIES CRANBERRY COOKIES 102G,0,0,24,1,6.94793E+12,6.94793E+12,,,,,,,,
4582,,CONFECTIONARIES & BAKING,FRANZZI DARK CHOCOLATE FLAVOR COOKIES 115G,FRANZZI DARK CHOCOLATE FLAVOR COOKIES 115G,0,0,12,1,6.94793E+12,6.94793E+12,,,,,,,,
4583,,CONFECTIONARIES & BAKING,FRANZZI YOGURT CHOCOLATE FLAVOR COOKIES 115G,FRANZZI YOGURT CHOCOLATE FLAVOR COOKIES 115G,0,0,12,1,6.94793E+12,6.94793E+12,,,,,,,,
4584,,CONFECTIONARIES & BAKING,CHAMPS DIAMOND CASHEW NUTS 500G,CHAMPS DIAMOND CASHEW NUTS 500G,0,0,6,1,6.95001E+11,6.95001E+11,,,,,,,,
4585,,CONFECTIONARIES & BAKING,ELLE GINGER DRINK WITH HONEY 360G,ELLE GINGER DRINK WITH HONEY 360G,0,0,16,1,6.95182E+12,6.95182E+12,,,,,,,,
4586,,CONFECTIONARIES & BAKING,YUEJIYA SODA CRACKERS CRUNCHY TIME 675G,YUEJIYA SODA CRACKERS CRUNCHY TIME 675G,0,0,11,1,6.95321E+12,6.95321E+12,,,,,,,,
4587,,CONFECTIONARIES & BAKING,PAPA.HUT SUPER BIG SHALLOT BISCUIT 3X12 BY 315G,PAPA.HUT SUPER BIG SHALLOT BISCUIT 3X12 BY 315G,0,0,17,1,6.9542E+12,6.9542E+12,,,,,,,,
4588,,CONFECTIONARIES & BAKING,SUPER BIG SHALLOT BISCUIT 200G,SUPER BIG SHALLOT BISCUIT 200G,0,0,4,1,6.9542E+12,6.9542E+12,,,,,,,,
4589,,CONFECTIONARIES & BAKING,SUPER BIG SEAWEED BISCUIT 200G,SUPER BIG SEAWEED BISCUIT 200G,0,0,5,1,6.9542E+12,6.9542E+12,,,,,,,,
459,,PROVISIONS,SAMIRA GREEN TEA LEMONGRASS 50G,SAMIRA GREEN TEA LEMONGRASS 50G,0,0,3,1,4.79105E+12,4.79105E+12,,,,,,,,
4591,,CONFECTIONARIES & BAKING,JS JACOB'S SUPER TASTE MILK BISCUIT 200G,JS JACOB'S SUPER TASTE MILK BISCUIT 200G,0,0,4,1,6.9542E+12,6.9542E+12,,,,,,,,
4592,,CONFECTIONARIES & BAKING,JS JACOB'S SUPER TASTE SESAME BISCUIT 200G,JS JACOB'S SUPER TASTE SESAME BISCUIT 200G,0,0,4,1,6.9542E+12,6.9542E+12,,,,,,,,
4593,,CONFECTIONARIES & BAKING,JS JACOB'S SUPER TASTE VEGETABLE BISCUIT 200G,JS JACOB'S SUPER TASTE VEGETABLE BISCUIT 200G,0,0,2,1,6.9542E+12,6.9542E+12,,,,,,,,
4597,,CONFECTIONARIES & BAKING,JS JACOB'S SUPER TASTE SEAWEED BISCUIT 200G,JS JACOB'S SUPER TASTE SEAWEED BISCUIT 200G,0,0,3,1,6.9542E+12,6.9542E+12,,,,,,,,
4598,,CONFECTIONARIES & BAKING,SALTINE FAMILY CRACKERS 560G,SALTINE FAMILY CRACKERS 560G,0,0,5,1,6.95506E+12,6.95506E+12,,,,,,,,
4599,,CONFECTIONARIES & BAKING,PAPA.HUT VEGETABLE CRACKERS 28PCS BY 560G,PAPA.HUT VEGETABLE CRACKERS 28PCS BY 560G,0,0,3,1,6.95506E+12,6.95506E+12,,,,,,,,
4604,,CONFECTIONARIES & BAKING,DIDIAN SODA CRACKER BISCUIT 100G,DIDIAN SODA CRACKER BISCUIT 100G,0,0,21,1,6.97043E+12,6.97043E+12,,,,,,,,
4605,,CONFECTIONARIES & BAKING,BONJOURNE SODA MILK SALT CRACKERS,BONJOURNE SODA MILK SALT CRACKERS,0,0,9,1,6.97043E+12,6.97043E+12,,,,,,,,
4606,,CONFECTIONARIES & BAKING,DIDIAN SODA CRACKER BISCUIT 248G,DIDIAN SODA CRACKER BISCUIT 248G,0,0,1,1,6.97043E+12,6.97043E+12,,,,,,,,
461,,PROVISIONS,SAMIRA GREEN TEA GINGER & GARLIC 25 TEA BAGS 50G,SAMIRA GREEN TEA GINGER & GARLIC 25 TEA BAGS 50G,0,0,6,1,4.79105E+12,4.79105E+12,,,,,,,,
4610,,CONFECTIONARIES & BAKING,DIDIAN SODA CRACKERS BANANA FLAVOR 450G,DIDIAN SODA CRACKERS BANANA FLAVOR 450G,0,0,16,1,6.97043E+12,6.97043E+12,,,,,,,,
4611,,CONFECTIONARIES & BAKING,DIDIAN SODA CRACKERS SUGAR FREE 500G,DIDIAN SODA CRACKERS SUGAR FREE 500G,0,0,5,1,6.97043E+12,6.97043E+12,,,,,,,,
4612,,CONFECTIONARIES & BAKING,DIDIAN COCONUT BISCUIT 300,DIDIAN COCONUT BISCUIT 300,0,0,21,1,6.97043E+12,6.97043E+12,,,,,,,,
4616,,CONFECTIONARIES & BAKING,SHAPED MASHAMALLOWS BUTTER STYLE 15G,SHAPED MASHAMALLOWS BUTTER STYLE 15G,0,0,23,1,6.97153E+12,6.97153E+12,,,,,,,,
4617,,CONFECTIONARIES & BAKING,SHAPED MASHAMALLOWS COOKIES DESING 15G,SHAPED MASHAMALLOWS COOKIES DESING 15G,0,0,24,1,6.97153E+12,6.97153E+12,,,,,,,,
4618,,CONFECTIONARIES & BAKING,SUNRIPE WHITE PRAWN CRACKERS 227G,SUNRIPE WHITE PRAWN CRACKERS 227G,0,0,17,1,6.9725E+12,6.9725E+12,,,,,,,,
4619,,CONFECTIONARIES & BAKING,MOREFUTURE ROSE BLACK TEA 45G,MOREFUTURE ROSE BLACK TEA 45G,0,0,6,1,6.97377E+12,6.97377E+12,,,,,,,,
462,,PROVISIONS,SAMIRA GREEN TEA CAMMOMILE TEA BAGS 50G,SAMIRA GREEN TEA CAMMOMILE TEA BAGS 50G,0,0,3,1,4.79105E+12,4.79105E+12,,,,,,,,
4620,,CONFECTIONARIES & BAKING,OKKK ONION CRACKERS BISCUIT 200G,OKKK ONION CRACKERS BISCUIT 200G,0,0,9,1,6.97504E+12,6.97504E+12,,,,,,,,
4621,,CONFECTIONARIES & BAKING,SUPER RUN MILK FLAVOUR BISCUIT 500G,SUPER RUN MILK FLAVOUR BISCUIT 500G,0,0,3,1,6.97757E+12,6.97757E+12,,,,,,,,
4626,,CONFECTIONARIES & BAKING,CHAK-DE DELUX WAFERS PEANUT BUTTER CREAM 150G,CHAK-DE DELUX WAFERS PEANUT BUTTER CREAM 150G,0,0,11,1,7.03365E+11,7.03365E+11,,,,,,,,
4627,,CONFECTIONARIES & BAKING,LUVIT YUMMY MILK CREAM WAFERS WITH TIGERNUTS 35G,LUVIT YUMMY MILK CREAM WAFERS WITH TIGERNUTS 35G,0,0,8,1,7.03365E+11,7.03365E+11,,,,,,,,
4631,,CONFECTIONARIES & BAKING,CARLCON-N CHOCOLATE COOKIES 225G,CARLCON-N CHOCOLATE COOKIES 225G,0,0,8,1,7.10137E+12,7.10137E+12,,,,,,,,
4632,,CONFECTIONARIES & BAKING,CARLCON-N CHOCOCHIP COOKIES 225G,CARLCON-N CHOCOCHIP COOKIES 225G,0,0,6,1,7.10137E+12,7.10137E+12,,,,,,,,
4634,,CONFECTIONARIES & BAKING,YUMMY CHIN CHIN 750G,YUMMY CHIN CHIN 750G,0,0,3,1,7.14085E+11,7.14085E+11,,,,,,,,
4639,,CONFECTIONARIES & BAKING,USDA FOOD WALNUTS 1KG,USDA FOOD WALNUTS 1KG,0,0,6,1,7.15001E+11,7.15001E+11,,,,,,,,
4641,,CONFECTIONARIES & BAKING,"DAZZLEY TRIPLE CHOCOLATE DREAM CHIP COOKIES DARK,","DAZZLEY TRIPLE CHOCOLATE DREAM CHIP COOKIES DARK,",0,0,13,1,7.31104E+12,7.31104E+12,,,,,,,,
4644,,CONFECTIONARIES & BAKING,PLACHENS PEANUT BURGER 350,PLACHENS PEANUT BURGER 350,0,0,5,1,7.3319E+12,7.3319E+12,,,,,,,,
4645,,CONFECTIONARIES & BAKING,PLACHENS PEANUT BURGER 600G,PLACHENS PEANUT BURGER 600G,0,0,2,1,7.3319E+12,7.3319E+12,,,,,,,,
4646,,CONFECTIONARIES & BAKING,XTRA COOP CHOCOLATE CHIP COOKIES 150G,XTRA COOP CHOCOLATE CHIP COOKIES 150G,0,0,17,1,7.34019E+12,7.34019E+12,,,,,,,,
4649,,CONFECTIONARIES & BAKING,JOYCEE UNRIPE/RIPE PLANTAIN CHIPS 500G,JOYCEE UNRIPE/RIPE PLANTAIN CHIPS 500G,0,0,2,1,7.42489E+11,7.42489E+11,,,,,,,,
465,,PROVISIONS,SAMIRA MORINGA TEA 50G,SAMIRA MORINGA TEA 50G,0,0,3,1,4.79105E+12,4.79105E+12,,,,,,,,
4653,,CONFECTIONARIES & BAKING,BON O BON COOKIES & CREAM CHOCOLATE 15G,BON O BON COOKIES & CREAM CHOCOLATE 15G,0,0,90,1,7.50044E+12,7.50044E+12,,,,,,,,
4654,,CONFECTIONARIES & BAKING,AMERICAN GOURMET VANILLA POWDER 100G,AMERICAN GOURMET VANILLA POWDER 100G,0,0,3,1,7.50258E+11,7.50258E+11,,,,,,,,
4655,,CONFECTIONARIES & BAKING,BON O BON PLAIN CHOCOLATE 15G,BON O BON PLAIN CHOCOLATE 15G,0,0,60,1,75027971,75027971,,,,,,,,
4657,,CONFECTIONARIES & BAKING,BON O BON CHOCOLATE 15G,BON O BON CHOCOLATE 15G,0,0,23,1,75046910,75046910,,,,,,,,
4658,,CONFECTIONARIES & BAKING,M.Y.SAN BUTTER COOKIES ORIGINAL FLAVOUR BISCUIT 19,M.Y.SAN BUTTER COOKIES ORIGINAL FLAVOUR BISCUIT 19,0,0,1,1,7.50515E+11,7.50515E+11,,,,,,,,
4660,,CONFECTIONARIES & BAKING,M.Y.SAN GRAHAMS HONEY GRAHAMS CRACKERS 10 SINGLE P,M.Y.SAN GRAHAMS HONEY GRAHAMS CRACKERS 10 SINGLE P,0,0,7,1,7.50515E+11,7.50515E+11,,,,,,,,
4663,,CONFECTIONARIES & BAKING,M.Y.SAN GRAHAMS CHOCOLATE 10 SINGLE PACK BISCUIT 2,M.Y.SAN GRAHAMS CHOCOLATE 10 SINGLE PACK BISCUIT 2,0,0,5,1,7.50515E+11,7.50515E+11,,,,,,,,
4664,,CONFECTIONARIES & BAKING,SKYFLAKES CRACKERS GARLIC FLAVOUR 250G,SKYFLAKES CRACKERS GARLIC FLAVOUR 250G,0,0,1,1,7.50515E+11,7.50515E+11,,,,,,,,
4665,,CONFECTIONARIES & BAKING,SKYFLAKES CRACKERS ONION CHIVES FLAVOUR 250G,SKYFLAKES CRACKERS ONION CHIVES FLAVOUR 250G,0,0,4,1,7.50515E+11,7.50515E+11,,,,,,,,
4668,,CONFECTIONARIES & BAKING,AMERICAN GOURMET BAKING POWDER 100G,AMERICAN GOURMET BAKING POWDER 100G,0,0,2,1,7.57349E+11,7.57349E+11,,,,,,,,
4669,,CONFECTIONARIES & BAKING,AMERICAN GOURMET BICARBONATE OF SODA 100G,AMERICAN GOURMET BICARBONATE OF SODA 100G,0,0,2,1,7.57349E+11,7.57349E+11,,,,,,,,
467,,PROVISIONS,SAMIRA FAT BURNER 100% NATURAL HERBAL 25 TEA BAGS,SAMIRA FAT BURNER 100% NATURAL HERBAL 25 TEA BAGS,0,0,1,1,4.79105E+12,4.79105E+12,,,,,,,,
4670,,CONFECTIONARIES & BAKING,AMERICAN GOURMET PANCAKE SYRUP 710G,AMERICAN GOURMET PANCAKE SYRUP 710G,0,0,6,1,7.57349E+11,7.57349E+11,,,,,,,,
4678,,CONFECTIONARIES & BAKING,NESCAFE ALTA RICA BOLD & INTENSE95G,NESCAFE ALTA RICA BOLD & INTENSE95G,0,0,6,1,7.61329E+12,7.61329E+12,,,,,,,,
468,,PROVISIONS,SAMIRA ANTI STRESS RELIEF TEA 25BAGS 50G,SAMIRA ANTI STRESS RELIEF TEA 25BAGS 50G,0,0,7,1,4.79105E+12,4.79105E+12,,,,,,,,
4681,,CONFECTIONARIES & BAKING,OREO REMIX TRAMISU&VANILLA FLAVOUR 157G,OREO REMIX TRAMISU&VANILLA FLAVOUR 157G,0,0,29,1,7.6222E+12,7.6222E+12,,,,,,,,
4683,,CONFECTIONARIES & BAKING,OREO REMIX RASPBERRY &VANILLA FLAVOUR 157G,OREO REMIX RASPBERRY &VANILLA FLAVOUR 157G,0,0,29,1,7.6222E+12,7.6222E+12,,,,,,,,
469,,PROVISIONS,SAMIRA SUPER SLIM DIETER TEA 50G,SAMIRA SUPER SLIM DIETER TEA 50G,0,0,1,1,4.79105E+12,4.79105E+12,,,,,,,,
47,,VILLAGE MARKET,5GEL WHITE GARRI 1KG,5GEL WHITE GARRI 1KG,0,0,10,1,62020,62020,,,,,,,,
470,,PROVISIONS,SAMIRA ACTIVE MAN TEA 50G,SAMIRA ACTIVE MAN TEA 50G,0,0,3,1,4.79105E+12,4.79105E+12,,,,,,,,
4701,,CONFECTIONARIES & BAKING,OREO ORIGINAL 154G,OREO ORIGINAL 154G,0,0,69,1,7.6223E+12,7.6223E+12,,,,,,,,
4702,,CONFECTIONARIES & BAKING,OREO SNOWY ENROBED 246G,OREO SNOWY ENROBED 246G,0,0,14,1,7.6223E+12,7.6223E+12,,,,,,,,
4703,,CONFECTIONARIES & BAKING,OREO ENROBED 6X 246G,OREO ENROBED 6X 246G,0,0,9,1,7.6223E+12,7.6223E+12,,,,,,,,
4709,,CONFECTIONARIES & BAKING,CANDEREL 100TABLE 8.5G,CANDEREL 100TABLE 8.5G,0,0,16,1,7.63049E+12,7.63049E+12,,,,,,,,
471,,PROVISIONS,SAMIRA ANTI-DIABETIC TEA 50G,SAMIRA ANTI-DIABETIC TEA 50G,0,0,2,1,4.79105E+12,4.79105E+12,,,,,,,,
4711,,CONFECTIONARIES & BAKING,CAMPVILLE QUICK OATS 100% WHITE OATS 1KG,CAMPVILLE QUICK OATS 100% WHITE OATS 1KG,0,0,10,1,7.65467E+11,7.65467E+11,,,,,,,,
4712,,CONFECTIONARIES & BAKING,COLOMBINA STRAWBERRY WAFER 288G,COLOMBINA STRAWBERRY WAFER 288G,0,0,10,1,7.70201E+12,7.70201E+12,,,,,,,,
4713,,CONFECTIONARIES & BAKING,COLOMBINA VANILLA WAFER 288G,COLOMBINA VANILLA WAFER 288G,0,0,4,1,7.70201E+12,7.70201E+12,,,,,,,,
4714,,CONFECTIONARIES & BAKING,SUPER 2 STRAWBERRY COOKIES 600G,SUPER 2 STRAWBERRY COOKIES 600G,0,0,10,1,7.70203E+12,7.70203E+12,,,,,,,,
4715,,CONFECTIONARIES & BAKING,SUPER 2 LEMON 600G,SUPER 2 LEMON 600G,0,0,19,1,7.70203E+12,7.70203E+12,,,,,,,,
4716,,CONFECTIONARIES & BAKING,SUPER 2 VANILLA COOKIES 600G,SUPER 2 VANILLA COOKIES 600G,0,0,7,1,7.70203E+12,7.70203E+12,,,,,,,,
4717,,CONFECTIONARIES & BAKING,SUPER 2 CHOCOLATE COOKIES 600G,SUPER 2 CHOCOLATE COOKIES 600G,0,0,8,1,7.70203E+12,7.70203E+12,,,,,,,,
4721,,CONFECTIONARIES & BAKING,LEGBA CASHEW NUT BOTTLE 500ML,LEGBA CASHEW NUT BOTTLE 500ML,0,0,12,1,7.80115E+12,7.80115E+12,,,,,,,,
4725,,CONFECTIONARIES & BAKING,GREENCO RIPE PLANTAIN CHIPS POUNCH 270G,GREENCO RIPE PLANTAIN CHIPS POUNCH 270G,0,0,17,1,7893722271,7893722271,,,,,,,,
4726,,CONFECTIONARIES & BAKING,GREENCO RIPE PLANTAIN CHIPS POUNCH 400G,GREENCO RIPE PLANTAIN CHIPS POUNCH 400G,0,0,8,1,7893722401,7893722401,,,,,,,,
4729,,CONFECTIONARIES & BAKING,CORY HIPOPO SABOR STRAWBERRY 100G,CORY HIPOPO SABOR STRAWBERRY 100G,0,0,7,1,7.89629E+12,7.89629E+12,,,,,,,,
473,,PROVISIONS,SAMIRA ANTI MALERIA HERBAL TEA 50G,SAMIRA ANTI MALERIA HERBAL TEA 50G,0,0,7,1,4.79105E+12,4.79105E+12,,,,,,,,
4732,,CONFECTIONARIES & BAKING,CORY HIPOPO SABOR VANILLA 100G,CORY HIPOPO SABOR VANILLA 100G,0,0,1,1,7.89629E+12,7.89629E+12,,,,,,,,
4739,,CONFECTIONARIES & BAKING,CARLCON-N DIABETIC WONDER CRUNCH COOKIES VANILLA 2,CARLCON-N DIABETIC WONDER CRUNCH COOKIES VANILLA 2,0,0,3,1,7.93573E+11,7.93573E+11,,,,,,,,
474,,PROVISIONS,SAMIRA PROSTATE BALANCE TEA 50G,SAMIRA PROSTATE BALANCE TEA 50G,0,0,3,1,4.79105E+12,4.79105E+12,,,,,,,,
4740,,CONFECTIONARIES & BAKING,M&W WHOLE PLAIN DRY ROASTED CASHEW NUTS 250G,M&W WHOLE PLAIN DRY ROASTED CASHEW NUTS 250G,0,0,5,1,7.93586E+11,7.93586E+11,,,,,,,,
4742,,CONFECTIONARIES & BAKING,M&W GOURMET ROASTED & SALTED CASHEW NUT 250G,M&W GOURMET ROASTED & SALTED CASHEW NUT 250G,0,0,9,1,7.93586E+11,7.93586E+11,,,,,,,,
4744,,CONFECTIONARIES & BAKING,M&W GOURMET CASHEW NUT ROASTED WITH HONEY 250G,M&W GOURMET CASHEW NUT ROASTED WITH HONEY 250G,0,0,5,1,7.93586E+11,7.93586E+11,,,,,,,,
4746,,CONFECTIONARIES & BAKING,M&W GOURMET CASHEW ROASTED WITH CHILLI PEPPER NUT,M&W GOURMET CASHEW ROASTED WITH CHILLI PEPPER NUT,0,0,7,1,7.93586E+11,7.93586E+11,,,,,,,,
4748,,CONFECTIONARIES & BAKING,REELFRUIT TOASTED COCONUT CHIPS CARAMEL 100G,REELFRUIT TOASTED COCONUT CHIPS CARAMEL 100G,0,0,8,1,7.94712E+11,7.94712E+11,,,,,,,,
4749,,CONFECTIONARIES & BAKING,REELFRUIT TOASTED COCONUT CHIPS CHOCOLATE 100G,REELFRUIT TOASTED COCONUT CHIPS CHOCOLATE 100G,0,0,11,1,7.94712E+11,7.94712E+11,,,,,,,,
4750,,CONFECTIONARIES & BAKING,REELFRUIT UNSWEETENED COCONUT FLAKES 100G,REELFRUIT UNSWEETENED COCONUT FLAKES 100G,0,0,6,1,7.94712E+11,7.94712E+11,,,,,,,,
4751,,CONFECTIONARIES & BAKING,REELFRUIT TOASTED COCONUT CHIPS HONEY SESAME 100G,REELFRUIT TOASTED COCONUT CHIPS HONEY SESAME 100G,0,0,7,1,7.94712E+11,7.94712E+11,,,,,,,,
4752,,CONFECTIONARIES & BAKING,REEL FRUIT & NUT MIX 100G,REEL FRUIT & NUT MIX 100G,0,0,6,1,7.94713E+11,7.94713E+11,,,,,,,,
4753,,CONFECTIONARIES & BAKING,REELFRUIT SWEETENED COCONUT FLAKES 250G,REELFRUIT SWEETENED COCONUT FLAKES 250G,0,0,2,1,7.94713E+11,7.94713E+11,,,,,,,,
4754,,CONFECTIONARIES & BAKING,REELFRUIT SWEETENED COCONUT FLAKES 500G,REELFRUIT SWEETENED COCONUT FLAKES 500G,0,0,5,1,7.94713E+11,7.94713E+11,,,,,,,,
4755,,CONFECTIONARIES & BAKING,REELFRUIT SWEETENED COCONUT FLAKES 100G,REELFRUIT SWEETENED COCONUT FLAKES 100G,0,0,9,1,7.94713E+11,7.94713E+11,,,,,,,,
4756,,CONFECTIONARIES & BAKING,REELFRUIT TOASTED COCONUT CHIPS CARAMEL 50G,REELFRUIT TOASTED COCONUT CHIPS CARAMEL 50G,0,0,3,1,7.96548E+11,7.96548E+11,,,,,,,,
4757,,CONFECTIONARIES & BAKING,REELFRUIT TOASTED COCONUT CHIPS CHOCOLATE 50G,REELFRUIT TOASTED COCONUT CHIPS CHOCOLATE 50G,0,0,3,1,7.96548E+11,7.96548E+11,,,,,,,,
4758,,CONFECTIONARIES & BAKING,REELFRUIT TOASTED COCONUT CHIPS HONEY SESAME 50G,REELFRUIT TOASTED COCONUT CHIPS HONEY SESAME 50G,0,0,6,1,7.96548E+11,7.96548E+11,,,,,,,,
4759,,CONFECTIONARIES & BAKING,REELFRUIT TOASTED COCONUT CHIPS UNSWEETENED 50G,REELFRUIT TOASTED COCONUT CHIPS UNSWEETENED 50G,0,0,1,1,7.96548E+11,7.96548E+11,,,,,,,,
4762,,CONFECTIONARIES & BAKING,REELFRUIT SWEETENED COCONUT FLAKES 50G,REELFRUIT SWEETENED COCONUT FLAKES 50G,0,0,23,1,7.96548E+11,7.96548E+11,,,,,,,,
4763,,CONFECTIONARIES & BAKING,REELFRUIT GENTLY DRIED MANGO 500G,REELFRUIT GENTLY DRIED MANGO 500G,0,0,5,1,7.96548E+11,7.96548E+11,,,,,,,,
4765,,CONFECTIONARIES & BAKING,NUTZY COCONUT PEANUT SPREAD 227G,NUTZY COCONUT PEANUT SPREAD 227G,0,0,8,1,7.9777E+12,7.9777E+12,,,,,,,,
4766,,CONFECTIONARIES & BAKING,NUTZY CRISPY PEANUT SNACK 280G,NUTZY CRISPY PEANUT SNACK 280G,0,0,2,1,7.9777E+12,7.9777E+12,,,,,,,,
4767,,CONFECTIONARIES & BAKING,REELFRUIT FRUIT N NUT MIX 500G,REELFRUIT FRUIT N NUT MIX 500G,0,0,1,1,7.97776E+11,7.97776E+11,,,,,,,,
4768,,CONFECTIONARIES & BAKING,DELVERDE LASAGNE SEMOLA SELEZIONATA 250G,DELVERDE LASAGNE SEMOLA SELEZIONATA 250G,0,0,1,1,8.00027E+12,8.00027E+12,,,,,,,,
4769,,CONFECTIONARIES & BAKING,LOACKER CLASSIC NAPOLITAN CRISPY WAFERS BISCUIT 17,LOACKER CLASSIC NAPOLITAN CRISPY WAFERS BISCUIT 17,0,0,19,1,8.00038E+12,8.00038E+12,,,,,,,,
4770,,CONFECTIONARIES & BAKING,LOACKER CLASSIC CREAMKAKAO CRISPY WAFERS BISCUIT 1,LOACKER CLASSIC CREAMKAKAO CRISPY WAFERS BISCUIT 1,0,0,23,1,8.00038E+12,8.00038E+12,,,,,,,,
4771,,CONFECTIONARIES & BAKING,LOACKER CLASSIC ALPINE MILK CRISPY WAFERS BISCUIT,LOACKER CLASSIC ALPINE MILK CRISPY WAFERS BISCUIT,0,0,15,1,8.00038E+12,8.00038E+12,,,,,,,,
4772,,CONFECTIONARIES & BAKING,CAFE VERGNANO 1882 ESPRESSO INTENSO ROASTED PUREBL,CAFE VERGNANO 1882 ESPRESSO INTENSO ROASTED PUREBL,0,0,1,1,8.0018E+12,8.0018E+12,,,,,,,,
4773,,CONFECTIONARIES & BAKING,CAFE VERGNANO 1882 ESPRESSO NAPOLI ROASTED PUREBLE,CAFE VERGNANO 1882 ESPRESSO NAPOLI ROASTED PUREBLE,0,0,1,1,8.0018E+12,8.0018E+12,,,,,,,,
4774,,CONFECTIONARIES & BAKING,ARIELLA POTATO CHIPS BIG JAR,ARIELLA POTATO CHIPS BIG JAR,0,0,3,1,8.02904E+12,8.02904E+12,,,,,,,,
4776,,CONFECTIONARIES & BAKING,EBAMCY PLANTAIN CHIPS JAR 500G,EBAMCY PLANTAIN CHIPS JAR 500G,0,0,8,1,8.03965E+11,8.03965E+11,,,,,,,,
4781,,CONFECTIONARIES & BAKING,PLACHENS CHIN CHIN JAR 600G,PLACHENS CHIN CHIN JAR 600G,0,0,9,1,8.07241E+12,8.07241E+12,,,,,,,,
4782,,CONFECTIONARIES & BAKING,PLACHENS CHIN CHIN JAR 400G,PLACHENS CHIN CHIN JAR 400G,0,0,5,1,8.07241E+12,8.07241E+12,,,,,,,,
4795,,CONFECTIONARIES & BAKING,POP CORNERSSPICY QUESO 28G,POP CORNERSSPICY QUESO 28G,0,0,4,1,8.10607E+11,8.10607E+11,,,,,,,,
4796,,CONFECTIONARIES & BAKING,TRUVIA CALORIE FREE SWEETNER 2G,TRUVIA CALORIE FREE SWEETNER 2G,0,0,178,1,8.1213E+11,8.1213E+11,,,,,,,,
4797,,CONFECTIONARIES & BAKING,MENTOS MINT CHEWY DRAGEES 37.8G,MENTOS MINT CHEWY DRAGEES 37.8G,0,0,100,1,83153006,83153006,,,,,,,,
48,,VILLAGE MARKET,SWEET POTATO PER KG,SWEET POTATO PER KG,0,0,9.86,1,65,65,,,,,,,,
4800,,CONFECTIONARIES & BAKING,CENTER FRUIT STRAWBERRY GUM 15G,CENTER FRUIT STRAWBERRY GUM 15G,0,0,120,1,84011152,84011152,,,,,,,,
4801,,CONFECTIONARIES & BAKING,CENTER FRESHCHEWING GUM PEPPERMINT FLAVOUR 15G,CENTER FRESHCHEWING GUM PEPPERMINT FLAVOUR 15G,0,0,60,1,84011183,84011183,,,,,,,,
4802,,CONFECTIONARIES & BAKING,BAMA MAYOSAUCE 17ML,BAMA MAYOSAUCE 17ML,0,0,64,1,8.4103E+12,8.4103E+12,,,,,,,,
4803,,CONFECTIONARIES & BAKING,GULLON MINI MIX BISCUIT 350G,GULLON MINI MIX BISCUIT 350G,0,0,7,1,8.41038E+12,8.41038E+12,,,,,,,,
4804,,CONFECTIONARIES & BAKING,GULLON MINI CRACKER 350G,GULLON MINI CRACKER 350G,0,0,7,1,8.41038E+12,8.41038E+12,,,,,,,,
4806,,CONFECTIONARIES & BAKING,GULLON DIGESTIVE OAT CHOC WITH DARK CHOCOLATE CHIP,GULLON DIGESTIVE OAT CHOC WITH DARK CHOCOLATE CHIP,0,0,7,1,8.41038E+12,8.41038E+12,,,,,,,,
4807,,CONFECTIONARIES & BAKING,GULLON TEA BISCUITS PETIT 200G,GULLON TEA BISCUITS PETIT 200G,0,0,15,1,8.41038E+12,8.41038E+12,,,,,,,,
4810,,CONFECTIONARIES & BAKING,GULLON SUGAR FREE SOURCE OF FIBRE SHORTBREAD BISCU,GULLON SUGAR FREE SOURCE OF FIBRE SHORTBREAD BISCU,0,0,1,1,8.41038E+12,8.41038E+12,,,,,,,,
4811,,CONFECTIONARIES & BAKING,GULLON FIBRE BISCUITS 170G,GULLON FIBRE BISCUITS 170G,0,0,43,1,8.41038E+12,8.41038E+12,,,,,,,,
4812,,CONFECTIONARIES & BAKING,GULLON SUGAR FREE ZERO MARIA 400G,GULLON SUGAR FREE ZERO MARIA 400G,0,0,7,1,8.41038E+12,8.41038E+12,,,,,,,,
4813,,CONFECTIONARIES & BAKING,GULLON DIGESTIVE BISCUITS 400G,GULLON DIGESTIVE BISCUITS 400G,0,0,13,1,8.41038E+12,8.41038E+12,,,,,,,,
4814,,CONFECTIONARIES & BAKING,GULLON NO SUGAR ADDED ZERO OATY DIGESTIVE BISCUITS,GULLON NO SUGAR ADDED ZERO OATY DIGESTIVE BISCUITS,0,0,7,1,8.41038E+12,8.41038E+12,,,,,,,,
4815,,CONFECTIONARIES & BAKING,GULLON DIGESTIVE AVENA NARANJA BISCUIT 425G,GULLON DIGESTIVE AVENA NARANJA BISCUIT 425G,0,0,14,1,8.41038E+12,8.41038E+12,,,,,,,,
4818,,CONFECTIONARIES & BAKING,PECTOL FRESH TABLET 14.4G,PECTOL FRESH TABLET 14.4G,0,0,432,1,84115508,84115508,,,,,,,,
4819,,CONFECTIONARIES & BAKING,KRIT CRACKERS BISCUIT 100G,KRIT CRACKERS BISCUIT 100G,0,0,25,1,8.43417E+12,8.43417E+12,,,,,,,,
4820,,CONFECTIONARIES & BAKING,CUETARA WAFER STRAWBERRY BISCUIT 150G,CUETARA WAFER STRAWBERRY BISCUIT 150G,0,0,19,1,8.43417E+12,8.43417E+12,,,,,,,,
4822,,CONFECTIONARIES & BAKING,NESCAFE CAP COLOMBIA FRUITY & DELICATE 95G,NESCAFE CAP COLOMBIA FRUITY & DELICATE 95G,0,0,12,1,8.44529E+12,8.44529E+12,,,,,,,,
4829,,CONFECTIONARIES & BAKING,OATMEAL FAMILY CRACKERS PCS,OATMEAL FAMILY CRACKERS PCS,0,0,72,1,8.54201E+12,8.54201E+12,,,,,,,,
4831,,CONFECTIONARIES & BAKING,LUSH COCOA CREAM COOKIES ORIGINAL 51G,LUSH COCOA CREAM COOKIES ORIGINAL 51G,0,0,84,1,8.68104E+12,8.68104E+12,,,,,,,,
4832,,CONFECTIONARIES & BAKING,LUSH COCOA CREAM COOKIES MOSAIC 51G,LUSH COCOA CREAM COOKIES MOSAIC 51G,0,0,88,1,8.68104E+12,8.68104E+12,,,,,,,,
4833,,CONFECTIONARIES & BAKING,LUSH COCOA CREAM COOKIES MOSAIC 68G,LUSH COCOA CREAM COOKIES MOSAIC 68G,0,0,48,1,8.68104E+12,8.68104E+12,,,,,,,,
4834,,CONFECTIONARIES & BAKING,LUSH COCOA CREAM COOKIES DARK 51G,LUSH COCOA CREAM COOKIES DARK 51G,0,0,21,1,8.68104E+12,8.68104E+12,,,,,,,,
4835,,CONFECTIONARIES & BAKING,GRANADA WHOLE GRAIN COOKIES CRUNCHY BERRY 150G,GRANADA WHOLE GRAIN COOKIES CRUNCHY BERRY 150G,0,0,24,1,8.68104E+12,8.68104E+12,,,,,,,,
4836,,CONFECTIONARIES & BAKING,GRANADA WHOLE GRAIN COOKIES CRUNCHY MUESLI 150G,GRANADA WHOLE GRAIN COOKIES CRUNCHY MUESLI 150G,0,0,21,1,8.68104E+12,8.68104E+12,,,,,,,,
4844,,CONFECTIONARIES & BAKING,ERCIKEK BEST DREAM CRISPY WAFERS DARK 10STICK 60G,ERCIKEK BEST DREAM CRISPY WAFERS DARK 10STICK 60G,0,0,158,1,8.68205E+12,8.68205E+12,,,,,,,,
4845,,CONFECTIONARIES & BAKING,ERCIKEK BEST DREAM CRISPY WAFERS STRAWBERRY 10STIC,ERCIKEK BEST DREAM CRISPY WAFERS STRAWBERRY 10STIC,0,0,65,1,8.68205E+12,8.68205E+12,,,,,,,,
4846,,CONFECTIONARIES & BAKING,ERCIKEK BEST DREAM COOKIES WITH COCOA CREAM 60G,ERCIKEK BEST DREAM COOKIES WITH COCOA CREAM 60G,0,0,48,1,8.68205E+12,8.68205E+12,,,,,,,,
4847,,CONFECTIONARIES & BAKING,ERCIKEK BEST DREAM COOKIES WITH COCOA CREAM 60G,ERCIKEK BEST DREAM COOKIES WITH COCOA CREAM 60G,0,0,42,1,8.68205E+12,8.68205E+12,,,,,,,,
4848,,CONFECTIONARIES & BAKING,ERCIKEK BEST DREAM COOKIES WITH ESPRESSO CREAM 60G,ERCIKEK BEST DREAM COOKIES WITH ESPRESSO CREAM 60G,0,0,96,1,8.68205E+12,8.68205E+12,,,,,,,,
4852,,CONFECTIONARIES & BAKING,CHICO MIKO MINI BISCUITS STRAWBERRY 30G,CHICO MIKO MINI BISCUITS STRAWBERRY 30G,0,0,1,1,8.68392E+12,8.68392E+12,,,,,,,,
4875,,CONFECTIONARIES & BAKING,KENT BORINGER SYRUP CARAMEL 624G,KENT BORINGER SYRUP CARAMEL 624G,0,0,3,1,8.69459E+12,8.69459E+12,,,,,,,,
4876,,CONFECTIONARIES & BAKING,KENT BORINGER SYRUP CHOCOLATE 624G,KENT BORINGER SYRUP CHOCOLATE 624G,0,0,4,1,8.69459E+12,8.69459E+12,,,,,,,,
4877,,CONFECTIONARIES & BAKING,KENT BORINGER SYRUP STRAWBERRY 624G,KENT BORINGER SYRUP STRAWBERRY 624G,0,0,10,1,8.69459E+12,8.69459E+12,,,,,,,,
4885,,CONFECTIONARIES & BAKING,TOREN WAFERS CRUNCHY & CREAM MILK FLAVOUR 55G,TOREN WAFERS CRUNCHY & CREAM MILK FLAVOUR 55G,0,0,5,1,8.69744E+12,8.69744E+12,,,,,,,,
4887,,CONFECTIONARIES & BAKING,DELISSO COCOA REAM DEEP TASTE CRISPY WAFFERS 60G,DELISSO COCOA REAM DEEP TASTE CRISPY WAFFERS 60G,0,0,11,1,8.69744E+12,8.69744E+12,,,,,,,,
4888,,CONFECTIONARIES & BAKING,DELISSO HAZELNUT CRISPY WAFERS 60G,DELISSO HAZELNUT CRISPY WAFERS 60G,0,0,31,1,8.69744E+12,8.69744E+12,,,,,,,,
4889,,CONFECTIONARIES & BAKING,DELISSO VANILLA FLAVOUR CRISPY WAFERS 60G,DELISSO VANILLA FLAVOUR CRISPY WAFERS 60G,0,0,10,1,8.69744E+12,8.69744E+12,,,,,,,,
4897,,CONFECTIONARIES & BAKING,TOREN CLASSIC ESPRESSO BEANS 52G,TOREN CLASSIC ESPRESSO BEANS 52G,0,0,3,1,8.69744E+12,8.69744E+12,,,,,,,,
4899,,CONFECTIONARIES & BAKING,DELISSO COMPOUND CHOCOLATE WAFER BISCUIT 20G,DELISSO COMPOUND CHOCOLATE WAFER BISCUIT 20G,0,0,46,1,8.69744E+12,8.69744E+12,,,,,,,,
49,,VILLAGE MARKET,IRISH POTATO 1KG,IRISH POTATO 1KG,0,0,7.4,1,658,658,,,,,,,,
4900,,CONFECTIONARIES & BAKING,DELISSO WHITE CHOCOLATE WAFER BISCUIT 20G,DELISSO WHITE CHOCOLATE WAFER BISCUIT 20G,0,0,24,1,8.69744E+12,8.69744E+12,,,,,,,,
4905,,CONFECTIONARIES & BAKING,DELISSO WHITE COMPOUND WAFER WITH COCONUT CREAM 20,DELISSO WHITE COMPOUND WAFER WITH COCONUT CREAM 20,0,0,4,1,8.69744E+12,8.69744E+12,,,,,,,,
4911,,CONFECTIONARIES & BAKING,MERBA CHOCOLATE CHUNK COOKIES 150G,MERBA CHOCOLATE CHUNK COOKIES 150G,0,0,20,1,8.7105E+12,8.7105E+12,,,,,,,,
4912,,CONFECTIONARIES & BAKING,MERBA SNACK COOKIES MINI 175G,MERBA SNACK COOKIES MINI 175G,0,0,7,1,8.7105E+12,8.7105E+12,,,,,,,,
4914,,CONFECTIONARIES & BAKING,MERBA NOUGATELLI COOKIES 200G,MERBA NOUGATELLI COOKIES 200G,0,0,4,1,8.7105E+12,8.7105E+12,,,,,,,,
4915,,CONFECTIONARIES & BAKING,HELLEMA ORIGINAL SPECULAAS 400G,HELLEMA ORIGINAL SPECULAAS 400G,0,0,7,1,8.71051E+12,8.71051E+12,,,,,,,,
4936,,CONFECTIONARIES & BAKING,LEMONIA CHOCOLATE BISCUIT 130G,LEMONIA CHOCOLATE BISCUIT 130G,0,0,6,1,8.88817E+12,8.88817E+12,,,,,,,,
4937,,CONFECTIONARIES & BAKING,NISSIN BUTTER COCONUT SALUT COKLAT 115G,NISSIN BUTTER COCONUT SALUT COKLAT 115G,0,0,9,1,8.88817E+12,8.88817E+12,,,,,,,,
4938,,CONFECTIONARIES & BAKING,LEMONIA COCONUT BISCUIT 130G,LEMONIA COCONUT BISCUIT 130G,0,0,7,1,8.88817E+12,8.88817E+12,,,,,,,,
4942,,CONFECTIONARIES & BAKING,SERENA TIRAMISU SHORT CAKE CREAM BISCUITS 225G,SERENA TIRAMISU SHORT CAKE CREAM BISCUITS 225G,0,0,30,1,8.88817E+12,8.88817E+12,,,,,,,,
4943,,CONFECTIONARIES & BAKING,SERENA TOP CHOCO STRAWBERRY CREAM WAFER 420G,SERENA TOP CHOCO STRAWBERRY CREAM WAFER 420G,0,0,2,1,8.88817E+12,8.88817E+12,,,,,,,,
4944,,CONFECTIONARIES & BAKING,SERENA TOP PANDAN CREAM WAFER 420G,SERENA TOP PANDAN CREAM WAFER 420G,0,0,2,1,8.88817E+12,8.88817E+12,,,,,,,,
4945,,CONFECTIONARIES & BAKING,SERENA TOP CHOCO VANILLA CREAM WAFER 420G,SERENA TOP CHOCO VANILLA CREAM WAFER 420G,0,0,2,1,8.88817E+12,8.88817E+12,,,,,,,,
4946,,CONFECTIONARIES & BAKING,NISSIN BUTTER COCONUT 200G,NISSIN BUTTER COCONUT 200G,0,0,13,1,8.88817E+12,8.88817E+12,,,,,,,,
4947,,CONFECTIONARIES & BAKING,NISSIN COFFEE MILK BISCUIT 200G,NISSIN COFFEE MILK BISCUIT 200G,0,0,9,1,8.88817E+12,8.88817E+12,,,,,,,,
4948,,CONFECTIONARIES & BAKING,BRITANNIA GOOD DAY CHOCOCHIP COOKIES 120G,BRITANNIA GOOD DAY CHOCOCHIP COOKIES 120G,0,0,26,1,8.90106E+12,8.90106E+12,,,,,,,,
4949,,CONFECTIONARIES & BAKING,BRITANNIA BOURBON CREME BISCUIT WITH CHOCOLATE,BRITANNIA BOURBON CREME BISCUIT WITH CHOCOLATE,0,0,2,1,8.90106E+12,8.90106E+12,,,,,,,,
4951,,CONFECTIONARIES & BAKING,NUTRI CHOICE OATS MILK & ALMOND COOKIES 75G,NUTRI CHOICE OATS MILK & ALMOND COOKIES 75G,0,0,30,1,8.90106E+12,8.90106E+12,,,,,,,,
4952,,CONFECTIONARIES & BAKING,NUTRI CHOICE OATS CHOCOLATE & ALMOND COOKIES 75G,NUTRI CHOICE OATS CHOCOLATE & ALMOND COOKIES 75G,0,0,43,1,8.90106E+12,8.90106E+12,,,,,,,,
4953,,CONFECTIONARIES & BAKING,BRITANNNIA TIGER KREMMZ STRAWBERRY 75G,BRITANNNIA TIGER KREMMZ STRAWBERRY 75G,0,0,23,1,8.90106E+12,8.90106E+12,,,,,,,,
4954,,CONFECTIONARIES & BAKING,HERSHEY'S SYRUP GENUINE CHOCOLATE FLAVOUR 623G,HERSHEY'S SYRUP GENUINE CHOCOLATE FLAVOUR 623G,0,0,3,1,8.90107E+12,8.90107E+12,,,,,,,,
4955,,CONFECTIONARIES & BAKING,LAL QILLA QUINOA 1OO% NATURAL 400G,LAL QILLA QUINOA 1OO% NATURAL 400G,0,0,2,1,8.90116E+12,8.90116E+12,,,,,,,,
4956,,CONFECTIONARIES & BAKING,PARLE -G 36G,PARLE -G 36G,0,0,80,1,8.90172E+12,8.90172E+12,,,,,,,,
4960,,CONFECTIONARIES & BAKING,PARLE HIDE & SEEK AMERICAN STYLE COOKIES CASHEW BU,PARLE HIDE & SEEK AMERICAN STYLE COOKIES CASHEW BU,0,0,2,1,8.90172E+12,8.90172E+12,,,,,,,,
4962,,CONFECTIONARIES & BAKING,SIMPLY GOOD DIGESTIVES BISCUIT 120G,SIMPLY GOOD DIGESTIVES BISCUIT 120G,0,0,28,1,8.90172E+12,8.90172E+12,,,,,,,,
4963,,CONFECTIONARIES & BAKING,PARLE MILK POWER BISCUITS 75G,PARLE MILK POWER BISCUITS 75G,0,0,159,1,8.90172E+12,8.90172E+12,,,,,,,,
4964,,CONFECTIONARIES & BAKING,PARLE G ORIGINAL BISCUITS 75G,PARLE G ORIGINAL BISCUITS 75G,0,0,161,1,8.90172E+12,8.90172E+12,,,,,,,,
4965,,CONFECTIONARIES & BAKING,PARLE MILK POWER BISCUITS 33G,PARLE MILK POWER BISCUITS 33G,0,0,13,1,8.90172E+12,8.90172E+12,,,,,,,,
4966,,CONFECTIONARIES & BAKING,FESTO MILK SHORTCAKE 28.5G,FESTO MILK SHORTCAKE 28.5G,0,0,44,1,8.90172E+12,8.90172E+12,,,,,,,,
4968,,CONFECTIONARIES & BAKING,PARLE HAPPY HAPPY CHOCO-CHI COOKIES 24G,PARLE HAPPY HAPPY CHOCO-CHI COOKIES 24G,0,0,165,1,8.90172E+12,8.90172E+12,,,,,,,,
4969,,CONFECTIONARIES & BAKING,PARLE CHOCO RINGS BISCUITS 40G,PARLE CHOCO RINGS BISCUITS 40G,0,0,72,1,8.90172E+12,8.90172E+12,,,,,,,,
4970,,CONFECTIONARIES & BAKING,PARLE TOP BISCUITS 30G,PARLE TOP BISCUITS 30G,0,0,39,1,8.90172E+12,8.90172E+12,,,,,,,,
4971,,CONFECTIONARIES & BAKING,PARLE-G GOLD BISCUITS 65G,PARLE-G GOLD BISCUITS 65G,0,0,2,1,8.90172E+12,8.90172E+12,,,,,,,,
4973,,CONFECTIONARIES & BAKING,PARLE KREAMS GOLD CHOCOLATE BISCUITS 49G,PARLE KREAMS GOLD CHOCOLATE BISCUITS 49G,0,0,100,1,8.90172E+12,8.90172E+12,,,,,,,,
4977,,CONFECTIONARIES & BAKING,NEWBISCO COASTERS BISCUITS (BIG),NEWBISCO COASTERS BISCUITS (BIG),0,0,52,1,8.90172E+12,8.90172E+12,,,,,,,,
4978,,CONFECTIONARIES & BAKING,PARLE MARIE BISCUITS 33G,PARLE MARIE BISCUITS 33G,0,0,73,1,8.90172E+12,8.90172E+12,,,,,,,,
4981,,CONFECTIONARIES & BAKING,YALE FUN CENTRE CHOCOLATE & STRAWBERRY 49G,YALE FUN CENTRE CHOCOLATE & STRAWBERRY 49G,0,0,108,1,8.90172E+12,8.90172E+12,,,,,,,,
4982,,CONFECTIONARIES & BAKING,FESTO CHOCOLATY MILK SHORTCAKE 28.5G,FESTO CHOCOLATY MILK SHORTCAKE 28.5G,0,0,47,1,8.90172E+12,8.90172E+12,,,,,,,,
4983,,CONFECTIONARIES & BAKING,PARLE HIDE & SEEK FAB CHOCOLATE 100G,PARLE HIDE & SEEK FAB CHOCOLATE 100G,0,0,161,1,8.90172E+12,8.90172E+12,,,,,,,,
4985,,CONFECTIONARIES & BAKING,PARLE MILK COOKIES 27G,PARLE MILK COOKIES 27G,0,0,107,1,8.90172E+12,8.90172E+12,,,,,,,,
4986,,CONFECTIONARIES & BAKING,PARLE CHOCO RINGS BISCUITS 27G,PARLE CHOCO RINGS BISCUITS 27G,0,0,275,1,8.90172E+12,8.90172E+12,,,,,,,,
4987,,CONFECTIONARIES & BAKING,PARLE SODA CRACKER BISCUIT 48G,PARLE SODA CRACKER BISCUIT 48G,0,0,48,1,8.90172E+12,8.90172E+12,,,,,,,,
4988,,CONFECTIONARIES & BAKING,PARLE FAB HIDE&SEEK VANILLA 100G,PARLE FAB HIDE&SEEK VANILLA 100G,0,0,107,1,8.90172E+12,8.90172E+12,,,,,,,,
4989,,CONFECTIONARIES & BAKING,PARLE KRACKJACK SWEET & SALTY CRACKERS BISCUIT 21G,PARLE KRACKJACK SWEET & SALTY CRACKERS BISCUIT 21G,0,0,111,1,8.90172E+12,8.90172E+12,,,,,,,,
4993,,CONFECTIONARIES & BAKING,PARLE HIDE & SEEK CENTRE FILLED CHOCO COOKIES 30G,PARLE HIDE & SEEK CENTRE FILLED CHOCO COOKIES 30G,0,0,28,1,8.90172E+12,8.90172E+12,,,,,,,,
4994,,CONFECTIONARIES & BAKING,PARLE SODA CRACKER SUGAR FREE 56G,PARLE SODA CRACKER SUGAR FREE 56G,0,0,44,1,8.90172E+12,8.90172E+12,,,,,,,,
4995,,CONFECTIONARIES & BAKING,PARLE-G GOLD BISCUITS 126G,PARLE-G GOLD BISCUITS 126G,0,0,48,1,8.90172E+12,8.90172E+12,,,,,,,,
4997,,CONFECTIONARIES & BAKING,PARLE CHOCO RINGS CHOCOLATY BISCUITS 105G,PARLE CHOCO RINGS CHOCOLATY BISCUITS 105G,0,0,24,1,8.90172E+12,8.90172E+12,,,,,,,,
4999,,CONFECTIONARIES & BAKING,PARLE KRACKJACK SWEET & SALTY CRACKERS BISCUIT 54G,PARLE KRACKJACK SWEET & SALTY CRACKERS BISCUIT 54G,0,0,50,1,8.90172E+12,8.90172E+12,,,,,,,,
5000,,CONFECTIONARIES & BAKING,PARLE HIDE & SEEK CENTRE FILLED CHOCO COOKIES 60G,PARLE HIDE & SEEK CENTRE FILLED CHOCO COOKIES 60G,0,0,82,1,8.90172E+12,8.90172E+12,,,,,,,,
5001,,CONFECTIONARIES & BAKING,DANISH DELIGHTS BUTTER COOKIES ARTIFICIALLY FLAVOU,DANISH DELIGHTS BUTTER COOKIES ARTIFICIALLY FLAVOU,0,0,15,1,8.90197E+12,8.90197E+12,,,,,,,,
5002,,CONFECTIONARIES & BAKING,MILK PLUS BISCUIT 60G,MILK PLUS BISCUIT 60G,0,0,115,1,8.90197E+12,8.90197E+12,,,,,,,,
5003,,CONFECTIONARIES & BAKING,KD DYNAMIC KRAZZY CREAM4 CHOCOLATE FLAVOURED 150G,KD DYNAMIC KRAZZY CREAM4 CHOCOLATE FLAVOURED 150G,0,0,6,1,8.90197E+12,8.90197E+12,,,,,,,,
5004,,CONFECTIONARIES & BAKING,YEBO CREAMZ CHOCOLATE FLAVORED 150G,YEBO CREAMZ CHOCOLATE FLAVORED 150G,0,0,5,1,8.90197E+12,8.90197E+12,,,,,,,,
5005,,CONFECTIONARIES & BAKING,BAKEMATE BOURBON BISCUITS 175G,BAKEMATE BOURBON BISCUITS 175G,0,0,59,1,8.90234E+12,8.90234E+12,,,,,,,,
5007,,CONFECTIONARIES & BAKING,SUPERCOUNTY PEANUT BUTTER 500G,SUPERCOUNTY PEANUT BUTTER 500G,0,0,3,1,8.90569E+12,8.90569E+12,,,,,,,,
5008,,CONFECTIONARIES & BAKING,UNICAF GOLD PURE COFFEE TIN 50G,UNICAF GOLD PURE COFFEE TIN 50G,0,0,23,1,8.906E+12,8.906E+12,,,,,,,,
5009,,CONFECTIONARIES & BAKING,AMUYA RAMBO CHOCOLATE COOKIES BISCUIT 160G,AMUYA RAMBO CHOCOLATE COOKIES BISCUIT 160G,0,0,2,1,8.90607E+12,8.90607E+12,,,,,,,,
5010,,CONFECTIONARIES & BAKING,AMULYA SHORTBREAD FINGERS BISCUIT 210G,AMULYA SHORTBREAD FINGERS BISCUIT 210G,0,0,14,1,8.90607E+12,8.90607E+12,,,,,,,,
5013,,CONFECTIONARIES & BAKING,CANDYLAK WAFER STAWBERRY FLAVOURED 14G,CANDYLAK WAFER STAWBERRY FLAVOURED 14G,0,0,43,1,8.90801E+12,8.90801E+12,,,,,,,,
5014,,CONFECTIONARIES & BAKING,CANDYLAKE FRUIT ROLL WAFER FLAVOURED 14G,CANDYLAKE FRUIT ROLL WAFER FLAVOURED 14G,0,0,39,1,8.90801E+12,8.90801E+12,,,,,,,,
5015,,CONFECTIONARIES & BAKING,CANDYLAK WAFER BON BON DARK CHOCO FLAVOURED 14G,CANDYLAK WAFER BON BON DARK CHOCO FLAVOURED 14G,0,0,30,1,8.90801E+12,8.90801E+12,,,,,,,,
5016,,CONFECTIONARIES & BAKING,TAFELI SODA CRACKERS NO ADDED SUGAR 450G,TAFELI SODA CRACKERS NO ADDED SUGAR 450G,0,0,3,1,8.90802E+12,8.90802E+12,,,,,,,,
5017,,CONFECTIONARIES & BAKING,TAFELI SODA CRACKERS BISCUITS 100G,TAFELI SODA CRACKERS BISCUITS 100G,0,0,7,1,8.90802E+12,8.90802E+12,,,,,,,,
5018,,CONFECTIONARIES & BAKING,TAFELI SODA CRACKERS 250G,TAFELI SODA CRACKERS 250G,0,0,39,1,8.90802E+12,8.90802E+12,,,,,,,,
5022,,CONFECTIONARIES & BAKING,MENTOS PURE FRESH SPEARMINT 87.5G,MENTOS PURE FRESH SPEARMINT 87.5G,0,0,132,1,8.935E+12,8.935E+12,,,,,,,,
5023,,CONFECTIONARIES & BAKING,MENTOS PURE FRESH STRAWBERRY 87.5G,MENTOS PURE FRESH STRAWBERRY 87.5G,0,0,48,1,8.935E+12,8.935E+12,,,,,,,,
5026,,CONFECTIONARIES & BAKING,MENTOS PURE FRESH TROPICAL 87.5G,MENTOS PURE FRESH TROPICAL 87.5G,0,0,12,1,8.935E+12,8.935E+12,,,,,,,,
5027,,CONFECTIONARIES & BAKING,MENTOS GUM PURE FRESH PURE BREATH 17.5G,MENTOS GUM PURE FRESH PURE BREATH 17.5G,0,0,120,1,8.935E+12,8.935E+12,,,,,,,,
5028,,CONFECTIONARIES & BAKING,MENTOS GUM PURE FRESH STRAWBERRY 17.5G,MENTOS GUM PURE FRESH STRAWBERRY 17.5G,0,0,150,1,8.935E+12,8.935E+12,,,,,,,,
5030,,CONFECTIONARIES & BAKING,MENTOS GUM PURE FRESH WATERMELON 17.5G,MENTOS GUM PURE FRESH WATERMELON 17.5G,0,0,75,1,8.935E+12,8.935E+12,,,,,,,,
5031,,CONFECTIONARIES & BAKING,MENTOS PURE FRESH BUBBLE FRESH 87.5G,MENTOS PURE FRESH BUBBLE FRESH 87.5G,0,0,77,1,8.935E+12,8.935E+12,,,,,,,,
5033,,CONFECTIONARIES & BAKING,POP CORNERS WHITE CHEDDAR 28G,POP CORNERS WHITE CHEDDAR 28G,0,0,12,1,8.93594E+11,8.93594E+11,,,,,,,,
5034,,CONFECTIONARIES & BAKING,POPCONERS SEA SALT 28G,POPCONERS SEA SALT 28G,0,0,10,1,8.93594E+11,8.93594E+11,,,,,,,,
5035,,CONFECTIONARIES & BAKING,POP CORNERS KETTLE CORN 28G,POP CORNERS KETTLE CORN 28G,0,0,5,1,8.93594E+11,8.93594E+11,,,,,,,,
5036,,CONFECTIONARIES & BAKING,LAMOSA BAKED WHEAT CRACKER COFFEE 8IN1 PACKS BISCU,LAMOSA BAKED WHEAT CRACKER COFFEE 8IN1 PACKS BISCU,0,0,6,1,8.93612E+12,8.93612E+12,,,,,,,,
5037,,CONFECTIONARIES & BAKING,LAMOSA BAKED WHEAT CRACKER ORIGINAL FLAVOUR 200G,LAMOSA BAKED WHEAT CRACKER ORIGINAL FLAVOUR 200G,0,0,5,1,8.93612E+12,8.93612E+12,,,,,,,,
5038,,CONFECTIONARIES & BAKING,LAMOSA BAKED WHEAT CRACKER VEGETABLE FLAVOUR 200G,LAMOSA BAKED WHEAT CRACKER VEGETABLE FLAVOUR 200G,0,0,2,1,8.93612E+12,8.93612E+12,,,,,,,,
5039,,CONFECTIONARIES & BAKING,OREO ORIGINAL BISCUITS 102G,OREO ORIGINAL BISCUITS 102G,0,0,10,1,8.961E+12,8.961E+12,,,,,,,,
5040,,CONFECTIONARIES & BAKING,OREO ORIGINAL 108G,OREO ORIGINAL 108G,0,0,44,1,8.961E+12,8.961E+12,,,,,,,,
5041,,CONFECTIONARIES & BAKING,OREO CHOCOLATE CREME 104.5G,OREO CHOCOLATE CREME 104.5G,0,0,11,1,8.961E+12,8.961E+12,,,,,,,,
5042,,CONFECTIONARIES & BAKING,OREO ORIGINAL BISCUIT 58.8G,OREO ORIGINAL BISCUIT 58.8G,0,0,197,1,8.961E+12,8.961E+12,,,,,,,,
5043,,CONFECTIONARIES & BAKING,OREO MINI ORIGINAL 20G,OREO MINI ORIGINAL 20G,0,0,124,1,8.961E+12,8.961E+12,,,,,,,,
5044,,CONFECTIONARIES & BAKING,OREO MINI CHOOLATE 20G,OREO MINI CHOOLATE 20G,0,0,28,1,8.961E+12,8.961E+12,,,,,,,,
5045,,CONFECTIONARIES & BAKING,OREO MINI CHOCOLATE VALUE PACK 100G,OREO MINI CHOCOLATE VALUE PACK 100G,0,0,14,1,8.961E+12,8.961E+12,,,,,,,,
5046,,CONFECTIONARIES & BAKING,HEMANI BLACK SEED OIL 125ML,HEMANI BLACK SEED OIL 125ML,0,0,10,1,8.964E+12,8.964E+12,,,,,,,,
512,,PROVISIONS,LEGEND TEA & HERBS STRAWBERRY 50G,LEGEND TEA & HERBS STRAWBERRY 50G,0,0,4,1,4.79601E+12,4.79601E+12,,,,,,,,
513,,PROVISIONS,LEGEND TEA & HERBS CARDAMOM HERBAL TEA 50G,LEGEND TEA & HERBS CARDAMOM HERBAL TEA 50G,0,0,4,1,4.79601E+12,4.79601E+12,,,,,,,,
514,,PROVISIONS,LEGEND TEA & HERBS SUMMER BERRIES 50G,LEGEND TEA & HERBS SUMMER BERRIES 50G,0,0,3,1,4.79601E+12,4.79601E+12,,,,,,,,
515,,PROVISIONS,LEGEND TEA & HERBS LEMOND & GINGER 50G,LEGEND TEA & HERBS LEMOND & GINGER 50G,0,0,2,1,4.79601E+12,4.79601E+12,,,,,,,,
516,,PROVISIONS,LEGEND TEA & HERBS PURE PEPPERMINT FRUIT &HERBS IN,LEGEND TEA & HERBS PURE PEPPERMINT FRUIT &HERBS IN,0,0,2,1,4.79601E+12,4.79601E+12,,,,,,,,
517,,PROVISIONS,LEGEND GREEN TEA & HERBS CHAMOMILE HONEY&VANILLA 3,LEGEND GREEN TEA & HERBS CHAMOMILE HONEY&VANILLA 3,0,0,2,1,4.79601E+12,4.79601E+12,,,,,,,,
518,,PROVISIONS,LEGEND GREEN TEA & HERBS IMMUNE 30G,LEGEND GREEN TEA & HERBS IMMUNE 30G,0,0,5,1,4.79601E+12,4.79601E+12,,,,,,,,
519,,PROVISIONS,LEGEND GREEN TEA & HERBS ENERGY 30G,LEGEND GREEN TEA & HERBS ENERGY 30G,0,0,5,1,4.79601E+12,4.79601E+12,,,,,,,,
52,,VILLAGE MARKET,GARLIC LOCAL,GARLIC LOCAL,0,0,10,1,78771,78771,,,,,,,,
520,,PROVISIONS,LEGEND GREEN TEA & HERBS SLIM PLUS 30G,LEGEND GREEN TEA & HERBS SLIM PLUS 30G,0,0,3,1,4.79601E+12,4.79601E+12,,,,,,,,
522,,PROVISIONS,LEGEND GREEN TEA & HERBS FOCUS 30G,LEGEND GREEN TEA & HERBS FOCUS 30G,0,0,3,1,4.79601E+12,4.79601E+12,,,,,,,,
523,,PROVISIONS,LEGEND GREEN TEA & HERBS DETOX 30G,LEGEND GREEN TEA & HERBS DETOX 30G,0,0,4,1,4.79601E+12,4.79601E+12,,,,,,,,
53,,VILLAGE MARKET,FRESH GINGER,FRESH GINGER,0,0,21,1,78880,78880,,,,,,,,
536,,PROVISIONS,LA BOTTI SUGAR CARE 20 SACHETS 30G,LA BOTTI SUGAR CARE 20 SACHETS 30G,0,0,4,1,4.79601E+12,4.79601E+12,,,,,,,,
54,,VILLAGE MARKET,GARLIC IMPORTED,GARLIC IMPORTED,0,0,21,1,79910,79910,,,,,,,,
547,,PROVISIONS,SAMIRA BLOOD SUGAR REDUCING TEA 50G,SAMIRA BLOOD SUGAR REDUCING TEA 50G,0,0,3,1,4.79603E+12,4.79603E+12,,,,,,,,
549,,PROVISIONS,SAMIRA LIVER FLUSH 100& NATURAL HERBAL REMEDY 25TE,SAMIRA LIVER FLUSH 100& NATURAL HERBAL REMEDY 25TE,0,0,3,1,4.79603E+12,4.79603E+12,,,,,,,,
55,,VILLAGE MARKET,KAUN,KAUN,0,0,6,1,88740,88740,,,,,,,,
550,,PROVISIONS,SAMIRA RELAXING NITE TEA 25BAGS 50G,SAMIRA RELAXING NITE TEA 25BAGS 50G,0,0,7,1,4.79603E+12,4.79603E+12,,,,,,,,
555,,PROVISIONS,HONEY TREE PURE HONEY PET 440G,HONEY TREE PURE HONEY PET 440G,0,0,6,1,4.89146E+12,4.89146E+12,,,,,,,,
557,,PROVISIONS,TESCO FRUIT & FIBRE FRUITY CRUNCH 750G,TESCO FRUIT & FIBRE FRUITY CRUNCH 750G,0,0,5,1,5.00012E+12,5.00012E+12,,,,,,,,
56,,VILLAGE MARKET,YELLOW GARRI PER KG,YELLOW GARRI PER KG,0,0,4.3,1,88871,88871,,,,,,,,
57,,VILLAGE MARKET,5GEL WHITE GARRI 2KG,5GEL WHITE GARRI 2KG,0,0,11,1,92021,92021,,,,,,,,
577,,PROVISIONS,TETLEY SUMMER BERRY SUPER FRUIT MULTIVITAMIN 40G,TETLEY SUMMER BERRY SUPER FRUIT MULTIVITAMIN 40G,0,0,1,1,5.00021E+12,5.00021E+12,,,,,,,,
58,,VILLAGE MARKET,TATASHE,TATASHE,0,0,21,1,93323,93323,,,,,,,,
59,,VILLAGE MARKET,SPRING ONION,SPRING ONION,0,0,15,1,961,961,,,,,,,,
593,,PROVISIONS,TETLEY SUPER GREEN DETOX MINT 40G,TETLEY SUPER GREEN DETOX MINT 40G,0,0,7,1,5.00021E+12,5.00021E+12,,,,,,,,
597,,PROVISIONS,TETLEY TROPICAL TURMERIC SUPER HERBAL ACTIVE TEA B,TETLEY TROPICAL TURMERIC SUPER HERBAL ACTIVE TEA B,0,0,2,1,5.00021E+12,5.00021E+12,,,,,,,,
598,,PROVISIONS,TETLEY BOOST BLUEBERRY&RAPSBERRY 40G,TETLEY BOOST BLUEBERRY&RAPSBERRY 40G,0,0,5,1,5.00021E+12,5.00021E+12,,,,,,,,
60,,VILLAGE MARKET,RODO,RODO,0,0,15,1,96620,96620,,,,,,,,
604,,PROVISIONS,TETLEY SUPER GREEN STRAWBERRY AND RASPBERRY REVITA,TETLEY SUPER GREEN STRAWBERRY AND RASPBERRY REVITA,0,0,8,1,5.00021E+12,5.00021E+12,,,,,,,,
61,,VILLAGE MARKET,LETTUS (SMALL),LETTUS (SMALL),0,0,10,1,97744,97744,,,,,,,,
638,,PROVISIONS,WEETABIX 24 WHOLE WHEAT CEREAL,WEETABIX 24 WHOLE WHEAT CEREAL,0,0,7,1,5.01003E+12,5.01003E+12,,,,,,,,
643,,PROVISIONS,TATE LYLE BROWN SUGAR CUBES 500G,TATE LYLE BROWN SUGAR CUBES 500G,0,0,11,1,5.01012E+12,5.01012E+12,,,,,,,,
65,,VILLAGE MARKET,TOMATOES PER KG,TOMATOES PER KG,0,0,11,1,99887,99887,,,,,,,,
653,,PROVISIONS,KERRYGOLD INSTANT FULL CREAM MILK POWDER SACHET 14,KERRYGOLD INSTANT FULL CREAM MILK POWDER SACHET 14,0,0,87,1,5.01104E+12,5.01104E+12,,,,,,,,
656,,PROVISIONS,KERRYGOLD AVANTAGE FILLED MILK POWDER 12G,KERRYGOLD AVANTAGE FILLED MILK POWDER 12G,0,0,304,1,5.01104E+12,5.01104E+12,,,,,,,,
660,,PROVISIONS,KERRYGOLD AVANTAGE INSTANT MILK POWDER 750G,KERRYGOLD AVANTAGE INSTANT MILK POWDER 750G,0,0,4,1,5.01104E+12,5.01104E+12,,,,,,,,
661,,PROVISIONS,KERRYGOLD AVANTAGE INSTANT MILK POWDER TIN 800G,KERRYGOLD AVANTAGE INSTANT MILK POWDER TIN 800G,0,0,1,1,5.01104E+12,5.01104E+12,,,,,,,,
662,,PROVISIONS,KERRYGOLD AVANTAGE INSTANT MILK POWDER TIN 380G,KERRYGOLD AVANTAGE INSTANT MILK POWDER TIN 380G,0,0,14,1,5.01104E+12,5.01104E+12,,,,,,,,
663,,PROVISIONS,KERRYGOLD INSTAN FULL CREAM MILK POWDER 350G,KERRYGOLD INSTAN FULL CREAM MILK POWDER 350G,0,0,16,1,5.01104E+12,5.01104E+12,,,,,,,,
667,,PROVISIONS,ROWSE HONEY 340G,ROWSE HONEY 340G,0,0,15,1,5.01127E+12,5.01127E+12,,,,,,,,
672,,PROVISIONS,NESCAFE DECAFF COFFEE 100G,NESCAFE DECAFF COFFEE 100G,0,0,8,1,5.01155E+12,5.01155E+12,,,,,,,,
676,,PROVISIONS,KELLOGG'S FRUIT 'N' FIBRE 500G,KELLOGG'S FRUIT 'N' FIBRE 500G,0,0,5,1,50127504,50127504,,,,,,,,
679,,PROVISIONS,TRS ALMONDS SEEDS 100G,TRS ALMONDS SEEDS 100G,0,0,13,1,5.01769E+12,5.01769E+12,,,,,,,,
680,,PROVISIONS,TRS ALMONDS 375G,TRS ALMONDS 375G,0,0,3,1,5.01769E+12,5.01769E+12,,,,,,,,
688,,PROVISIONS,TROPICAL SUN UNREFINEED DEMERARA SUGAR 500ML,TROPICAL SUN UNREFINEED DEMERARA SUGAR 500ML,0,0,5,1,5.02979E+12,5.02979E+12,,,,,,,,
702,,PROVISIONS,LASER PURE HONEY 500G,LASER PURE HONEY 500G,0,0,27,1,5.03262E+12,5.03262E+12,,,,,,,,
703,,PROVISIONS,MAHARANI PURE & NATURAL HONEY BOTTLE 340G,MAHARANI PURE & NATURAL HONEY BOTTLE 340G,0,0,13,1,5.03262E+12,5.03262E+12,,,,,,,,
72,,VILLAGE MARKET,GREEN PEPPER (BIG),GREEN PEPPER (BIG),0,0,2,1,21587,21587,,,,,,,,
729,,PROVISIONS,BOUNTY COCONUT HOT CHOCOLATE POUCH 140G,BOUNTY COCONUT HOT CHOCOLATE POUCH 140G,0,0,3,1,5.05636E+12,5.05636E+12,,,,,,,,
73,,VILLAGE MARKET,YELLOW PEPPER (BIG),YELLOW PEPPER (BIG),0,0,14,1,21589,21589,,,,,,,,
730,,PROVISIONS,TWIX INSTANT HOT CHOCOLATE POUCH 140G,TWIX INSTANT HOT CHOCOLATE POUCH 140G,0,0,3,1,5.05636E+12,5.05636E+12,,,,,,,,
731,,PROVISIONS,MARS INSTANT HOT CHOCOLATE POUCH 140G,MARS INSTANT HOT CHOCOLATE POUCH 140G,0,0,3,1,5.05636E+12,5.05636E+12,,,,,,,,
745,,PROVISIONS,KELLOGG'S FROSTIES FLAKES 470G,KELLOGG'S FROSTIES FLAKES 470G,0,0,5,1,5.05932E+12,5.05932E+12,,,,,,,,
749,,PROVISIONS,KELLOGG'S COCO POPS WITH IRON & VITAMIN D BOX 420G,KELLOGG'S COCO POPS WITH IRON & VITAMIN D BOX 420G,0,0,1,1,5.05932E+12,5.05932E+12,,,,,,,,
750,,PROVISIONS,KELLOGS CRUNCHY NUT 460G,KELLOGS CRUNCHY NUT 460G,0,0,6,1,5.05932E+12,5.05932E+12,,,,,,,,
751,,PROVISIONS,KELLOG'S COCO POPS 420G,KELLOG'S COCO POPS 420G,0,0,30,1,5.05932E+12,5.05932E+12,,,,,,,,
753,,PROVISIONS,GRAIN TROPICAL GRANOLA 500G,GRAIN TROPICAL GRANOLA 500G,0,0,14,1,5.06004E+12,5.06004E+12,,,,,,,,
754,,PROVISIONS,GRAIN RAISING & AMLOND GRANOLA 500G,GRAIN RAISING & AMLOND GRANOLA 500G,0,0,9,1,5.06004E+12,5.06004E+12,,,,,,,,
760,,PROVISIONS,NAPA VALLEY GINGER AND HONEY DRINK 180G,NAPA VALLEY GINGER AND HONEY DRINK 180G,0,0,10,1,5.06018E+12,5.06018E+12,,,,,,,,
77,,VILLAGE MARKET,TURNING STICK BIG (LOCAL),TURNING STICK BIG (LOCAL),0,0,4,1,3600,3600,,,,,,,,
770,,PROVISIONS,MCVITIES HOBNOBS DIGESTIVE BISCUIT 2X90G,MCVITIES HOBNOBS DIGESTIVE BISCUIT 2X90G,0,0,23,1,5.06048E+12,5.06048E+12,,,,,,,,
775,,PROVISIONS,LONDON DIGESTIVES BISCUITS 400G,LONDON DIGESTIVES BISCUITS 400G,0,0,18,1,5.06073E+12,5.06073E+12,,,,,,,,
776,,PROVISIONS,CASA DECAMPO ACACIA HONEY 250G,CASA DECAMPO ACACIA HONEY 250G,0,0,3,1,5.06073E+12,5.06073E+12,,,,,,,,
777,,PROVISIONS,SUPREME BLOSSOM HONEY 500G,SUPREME BLOSSOM HONEY 500G,0,0,3,1,5.06085E+12,5.06085E+12,,,,,,,,
782,,PROVISIONS,SIMIE'S HONEY 1.5LT,SIMIE'S HONEY 1.5LT,0,0,1,1,5.155E+12,5.155E+12,,,,,,,,
800,,PROVISIONS,DANO SLIM MILK POWDER REFILL 400G,DANO SLIM MILK POWDER REFILL 400G,0,0,13,1,5.70431E+12,5.70431E+12,,,,,,,,
801,,PROVISIONS,DANO SLIM MILK POWDER REFILL 900G,DANO SLIM MILK POWDER REFILL 900G,0,0,5,1,5.70431E+12,5.70431E+12,,,,,,,,
806,,PROVISIONS,DANO FULL CREAM MILK POWDER REFILL 350G,DANO FULL CREAM MILK POWDER REFILL 350G,0,0,31,1,5.76047E+12,5.76047E+12,,,,,,,,
807,,PROVISIONS,DANO FULL CREAM MILK POWDER REFILLED 800G,DANO FULL CREAM MILK POWDER REFILLED 800G,0,0,14,1,5.76047E+12,5.76047E+12,,,,,,,,
808,,PROVISIONS,DANO COOL COW MILK POWDER POUNCH 320G,DANO COOL COW MILK POWDER POUNCH 320G,0,0,16,1,5.76047E+12,5.76047E+12,,,,,,,,
809,,PROVISIONS,DANO FULL CREAM POWDER REFILL 2KG,DANO FULL CREAM POWDER REFILL 2KG,0,0,2,1,5.76047E+12,5.76047E+12,,,,,,,,
810,,PROVISIONS,DANO COOL COW POUNCH 150G,DANO COOL COW POUNCH 150G,0,0,17,1,5.76047E+12,5.76047E+12,,,,,,,,
811,,PROVISIONS,DANO COOL COW POUNCH 750G,DANO COOL COW POUNCH 750G,0,0,56,1,5.76047E+12,5.76047E+12,,,,,,,,
813,,PROVISIONS,SUNOLA SUGAR CUBE 485G,SUNOLA SUGAR CUBE 485G,0,0,19,1,5.8365E+12,5.8365E+12,,,,,,,,
82,,VILLAGE MARKET,PAR EXCELLENCE PARBOILED RICE 22.68KG,PAR EXCELLENCE PARBOILED RICE 22.68KG,0,0,1,1,72806056031,72806056031,,,,,,,,
824,,PROVISIONS,LIPTON YELLOW LABEL TEA 50G,LIPTON YELLOW LABEL TEA 50G,0,0,41,1,6.00109E+12,6.00109E+12,,,,,,,,
826,,PROVISIONS,COWBELL INSTANT MILK TIN 380G,COWBELL INSTANT MILK TIN 380G,0,0,26,1,6.00816E+12,6.00816E+12,,,,,,,,
827,,PROVISIONS,TOP TEA 47.5G,TOP TEA 47.5G,0,0,1,1,6.00816E+12,6.00816E+12,,,,,,,,
828,,PROVISIONS,COWBELL CHOCOLATE POUNCH 400G,COWBELL CHOCOLATE POUNCH 400G,0,0,6,1,6.00816E+12,6.00816E+12,,,,,,,,
83,,VILLAGE MARKET,PAR EXCELLENCE RICE 11.34KG,PAR EXCELLENCE RICE 11.34KG,0,0,2,1,72806056499,72806056499,,,,,,,,
830,,PROVISIONS,LOYA FULL CREAM MILK POUNCH 320G,LOYA FULL CREAM MILK POUNCH 320G,0,0,2,1,6.00816E+12,6.00816E+12,,,,,,,,
832,,PROVISIONS,TOP TEA 3.8G,TOP TEA 3.8G,0,0,1,1,6.00816E+12,6.00816E+12,,,,,,,,
834,,PROVISIONS,COWBELL COFFE 3IN1 SACHET 25G,COWBELL COFFE 3IN1 SACHET 25G,0,0,220,1,6.00816E+12,6.00816E+12,,,,,,,,
836,,PROVISIONS,MIKSI INSTANT FILLED POWDER SACHET MILK 12G,MIKSI INSTANT FILLED POWDER SACHET MILK 12G,0,0,107,1,6.00816E+12,6.00816E+12,,,,,,,,
838,,PROVISIONS,COWBELL MILK SACHET 12G,COWBELL MILK SACHET 12G,0,0,83,1,6.00816E+12,6.00816E+12,,,,,,,,
840,,PROVISIONS,LOYA FULL CREAM MILK POUCH 750G,LOYA FULL CREAM MILK POUCH 750G,0,0,13,1,6.00816E+12,6.00816E+12,,,,,,,,
841,,PROVISIONS,COWBELL FILLED EVAPORATED MILK 150G,COWBELL FILLED EVAPORATED MILK 150G,0,0,120,1,6.00816E+12,6.00816E+12,,,,,,,,
842,,PROVISIONS,COWBELL CHOCOLATE SACHET 22.5G,COWBELL CHOCOLATE SACHET 22.5G,0,0,518,1,6.00816E+12,6.00816E+12,,,,,,,,
845,,PROVISIONS,MIKSI CHOCOLATE 17G,MIKSI CHOCOLATE 17G,0,0,137,1,6.00816E+12,6.00816E+12,,,,,,,,
847,,PROVISIONS,KREMELA NON DIARY CREAMER 12G,KREMELA NON DIARY CREAMER 12G,0,0,26,1,6.00816E+12,6.00816E+12,,,,,,,,
848,,PROVISIONS,TWISCO ENERFORT FOOD DRINK POWDER SATCHET 25G,TWISCO ENERFORT FOOD DRINK POWDER SATCHET 25G,0,0,174,1,6.00816E+12,6.00816E+12,,,,,,,,
850,,PROVISIONS,MIKSI INSTANT DAIRY CREAMER 320G,MIKSI INSTANT DAIRY CREAMER 320G,0,0,33,1,6.00816E+12,6.00816E+12,,,,,,,,
851,,PROVISIONS,COWBELL INSTANT DAIRY CREAMER POUNCH 320G,COWBELL INSTANT DAIRY CREAMER POUNCH 320G,0,0,49,1,6.00816E+12,6.00816E+12,,,,,,,,
852,,PROVISIONS,MIKSI DAIRY CREAMER MILK POUNCH 750G,MIKSI DAIRY CREAMER MILK POUNCH 750G,0,0,22,1,6.00816E+12,6.00816E+12,,,,,,,,
853,,PROVISIONS,COWBELL DAIRY CREAMER 750G,COWBELL DAIRY CREAMER 750G,0,0,32,1,6.00816E+12,6.00816E+12,,,,,,,,
868,,PROVISIONS,NESTLE MILO TIN 400G,NESTLE MILO TIN 400G,0,0,18,1,6.033E+12,6.033E+12,,,,,,,,
87,,VILLAGE MARKET,CUCUMBER,CUCUMBER,0,0,5,1,15478,15478,,,,,,,,
870,,PROVISIONS,GOLDENMORN GRAIN SMART 45G,GOLDENMORN GRAIN SMART 45G,0,0,49,1,6.033E+12,6.033E+12,,,,,,,,
871,,PROVISIONS,GOLDENMORN GRAIN SMART 300G,GOLDENMORN GRAIN SMART 300G,0,0,14,1,6.033E+12,6.033E+12,,,,,,,,
873,,PROVISIONS,NESTLE GOLDEN MORNG 600G,NESTLE GOLDEN MORNG 600G,0,0,32,1,6.033E+12,6.033E+12,,,,,,,,
874,,PROVISIONS,AMEL SUSAN BAKING COCOA POWDER POUCH 250G,AMEL SUSAN BAKING COCOA POWDER POUCH 250G,0,0,4,1,6.034E+12,6.034E+12,,,,,,,,
875,,PROVISIONS,AMEL SUSAN COCOA POWDER JAR 300G,AMEL SUSAN COCOA POWDER JAR 300G,0,0,3,1,6.034E+12,6.034E+12,,,,,,,,
877,,PROVISIONS,BLUE BAND SPREAD SACHET 12G,BLUE BAND SPREAD SACHET 12G,0,0,107,1,6.034E+12,6.034E+12,,,,,,,,
878,,PROVISIONS,BLUE BAND ORIGINAL 250G,BLUE BAND ORIGINAL 250G,0,0,15,1,6.034E+12,6.034E+12,,,,,,,,
879,,PROVISIONS,BLUE BAND ORIGINAL 450G,BLUE BAND ORIGINAL 450G,0,0,22,1,6.034E+12,6.034E+12,,,,,,,,
88,,VILLAGE MARKET,ELUBO 1KG,ELUBO 1KG,0,0,4,1,158796,158796,,,,,,,,
880,,PROVISIONS,BLESSED CHILD FOODS NATURAL BROWN SUGAR 850G,BLESSED CHILD FOODS NATURAL BROWN SUGAR 850G,0,0,5,1,6.036E+12,6.036E+12,,,,,,,,
881,,PROVISIONS,ST LOUIS CUBE SUGAR 474G,ST LOUIS CUBE SUGAR 474G,0,0,13,1,6.03659E+12,6.03659E+12,,,,,,,,
887,,PROVISIONS,SIMIE'S HONEY 500ML,SIMIE'S HONEY 500ML,0,0,18,1,6.09224E+11,6.09224E+11,,,,,,,,
892,,PROVISIONS,AYOOLA YAM FLOUR 1.8KG,AYOOLA YAM FLOUR 1.8KG,0,0,8,1,6.1511E+12,6.1511E+12,,,,,,,,
9,,VILLAGE MARKET,EWEDU (GREEN LEAF),EWEDU (GREEN LEAF),0,0,4,1,2145,2145,,,,,,,,
900,,PROVISIONS,GOLDEN MORN POUCH 600G,GOLDEN MORN POUCH 600G,0,0,1,1,6.1511E+12,6.1511E+12,,,,,,,,
901,,PROVISIONS,NESTLE GOLDEN MORN 3IN1 CEREAL POUNCH 45G,NESTLE GOLDEN MORN 3IN1 CEREAL POUNCH 45G,0,0,630,1,6.1511E+12,6.1511E+12,,,,,,,,
907,,PROVISIONS,NESCAFE MALTY 3IN1 25G,NESCAFE MALTY 3IN1 25G,0,0,110,1,6.1511E+12,6.1511E+12,,,,,,,,
911,,PROVISIONS,NESTLE MILO POUNCH 800G,NESTLE MILO POUNCH 800G,0,0,8,1,6.1511E+12,6.1511E+12,,,,,,,,
916,,PROVISIONS,NESTLE MILO 3IN1 MILKY & CREAMY 30G,NESTLE MILO 3IN1 MILKY & CREAMY 30G,0,0,158,1,6.1511E+12,6.1511E+12,,,,,,,,
918,,PROVISIONS,NESCAFE ORIGINAL 3IN1 SACHET 25G,NESCAFE ORIGINAL 3IN1 SACHET 25G,0,0,101,1,6.1511E+12,6.1511E+12,,,,,,,,
923,,PROVISIONS,HOLLANDIA EVAP MILK 190G,HOLLANDIA EVAP MILK 190G,0,0,55,1,6.1511E+12,6.1511E+12,,,,,,,,
924,,PROVISIONS,HOLLANDIA EVAP MILK 120G,HOLLANDIA EVAP MILK 120G,0,0,135,1,6.1511E+12,6.1511E+12,,,,,,,,
926,,PROVISIONS,HOLLANDIA EVAP FULL CREAM MILK 50G,HOLLANDIA EVAP FULL CREAM MILK 50G,0,0,32,1,6.1511E+12,6.1511E+12,,,,,,,,
933,,PROVISIONS,FALLY CORN FLOUR 300G,FALLY CORN FLOUR 300G,0,0,11,1,6.15211E+12,6.15211E+12,,,,,,,,
936,,PROVISIONS,CHECKERS VANILLA CUSTARD JAR 400G,CHECKERS VANILLA CUSTARD JAR 400G,0,0,15,1,6.15211E+12,6.15211E+12,,,,,,,,
941,,PROVISIONS,GOLDEN PENNY SPREAD 250G,GOLDEN PENNY SPREAD 250G,0,0,49,1,6.154E+12,6.154E+12,,,,,,,,
942,,PROVISIONS,GOLDEN PENNY SPREAD 450G,GOLDEN PENNY SPREAD 450G,0,0,15,1,6.154E+12,6.154E+12,,,,,,,,
945,,PROVISIONS,PEAK FILLED EVAPORATED MILK 160G,PEAK FILLED EVAPORATED MILK 160G,0,0,343,1,6.154E+12,6.154E+12,,,,,,,,
948,,PROVISIONS,PEAK 3IN1 CHOCOLATE POUNCH 380G,PEAK 3IN1 CHOCOLATE POUNCH 380G,0,0,8,1,6.154E+12,6.154E+12,,,,,,,,
958,,PROVISIONS,AMAZING DAY CEREAL 600G,AMAZING DAY CEREAL 600G,0,0,30,1,6.154E+12,6.154E+12,,,,,,,,
967,,PROVISIONS,KELLOG'S RICE KRISPIES 450G,KELLOG'S RICE KRISPIES 450G,0,0,5,1,6.154E+12,6.154E+12,,,,,,,,
969,,PROVISIONS,MUNCHIT CHILLI HOT 25G,MUNCHIT CHILLI HOT 25G,0,0,383,1,6.154E+12,6.154E+12,,,,,,,,
978,,PROVISIONS,YALE ROCKY BITES BAKE CHIN CHIN 27G,YALE ROCKY BITES BAKE CHIN CHIN 27G,0,0,150,1,6.154E+12,6.154E+12,,,,,,,,
979,,PROVISIONS,NUTZY PEANUT BUTTER CHOCOLATE 227G,NUTZY PEANUT BUTTER CHOCOLATE 227G,0,0,16,1,6.154E+12,6.154E+12,,,,,,,,
980,,PROVISIONS,NUTZY CHOCOLATE PEANUT SPREAD 510G,NUTZY CHOCOLATE PEANUT SPREAD 510G,0,0,6,1,6.154E+12,6.154E+12,,,,,,,,
981,,PROVISIONS,NUTZY HONEY PEANUT BUTTER 510G,NUTZY HONEY PEANUT BUTTER 510G,0,0,4,1,6.154E+12,6.154E+12,,,,,,,,
990,,PROVISIONS,BLUE BAND SPREAD FOR BREAD 450G,BLUE BAND SPREAD FOR BREAD 450G,0,0,10,1,6.154E+12,6.154E+12,,,,,,,,
992,,PROVISIONS,CHAMPION VANILLA CUSTARD POWDER 50G,CHAMPION VANILLA CUSTARD POWDER 50G,0,0,22,1,6.154E+12,6.154E+12,,,,,,,,
998,,PROVISIONS,CHECKERS CUSTARD BANANA 400G,CHECKERS CUSTARD BANANA 400G,0,0,14,1,6.154E+12,6.154E+12,,,,,,,,
999,,PROVISIONS,CHECKERS MILK CUSTARD 3IN1 400G,CHECKERS MILK CUSTARD 3IN1 400G,0,0,14,1,6.154E+12,6.154E+12,,,,,,,,
